id,dept_id,fiscal_year,status,remarks,total_amount,created_by,approved_by,created_at,updated_at,approved_at,ppmp_no,description,project_type,quantity_size,procurement_mode,pre_procurement,start_date,end_date,delivery_period,fund_source,is_deleted,deleted_at,deleted_reason,approved_by_chief,approved_by_hope,chief_approved_at,hope_approved_at,category,item_id,section,item_description,pap_id,procurement_source,approved_by_budget,budget_approved_at,declined_by,declined_at,decline_reason
190,3,2026,pending,[INDICATIVE],13750.00,1,,Tue Mar 17 2026 08:45:10 GMT+0800 (Philippine Standard Time),Tue Mar 24 2026 09:52:02 GMT+0800 (Philippine Standard Time),,PPMP-MWPSD-2026-051,INK Refill,Goods,20,Competitive Bidding,NO,January 2026,February 2026,March 2026,GAA 2026 - Current Appropriation,false,,,,,,,ICT OFFICE SUPPLIES EXPENSES,,OFFICE OPERATION,Color: Black    Unit: Bottle; 65mL    Good for EPSON L3250 Printer,,NON PS-DBM,,,,,
191,3,2026,pending,[INDICATIVE],13750.00,1,,Tue Mar 17 2026 08:45:10 GMT+0800 (Philippine Standard Time),Tue Mar 17 2026 08:45:10 GMT+0800 (Philippine Standard Time),,PPMP-MWPSD-2026-053,INK Refill,Goods,20,Competitive Bidding,NO,January 2026,February 2026,March 2026,GAA 2026 - Current Appropriation,false,,,,,,,ICT OFFICE SUPPLIES EXPENSES,,OFFICE OPERATION,Color: Cyan    Unit: Bottle; 65mL    Good for EPSON L3250 Printer,,NON PS-DBM,,,,,
192,3,2026,pending,[INDICATIVE],13750.00,1,,Tue Mar 17 2026 08:45:10 GMT+0800 (Philippine Standard Time),Tue Mar 17 2026 08:45:10 GMT+0800 (Philippine Standard Time),,PPMP-MWPSD-2026-056,INK Refill,Goods,20,Competitive Bidding,NO,January 2026,February 2026,March 2026,GAA 2026 - Current Appropriation,false,,,,,,,ICT OFFICE SUPPLIES EXPENSES,,OFFICE OPERATION,Color: Magenta    Unit: Bottle; 65mL    Good for EPSON L3250 Printer,,NON PS-DBM,,,,,
193,3,2026,pending,[INDICATIVE],13750.00,1,,Tue Mar 17 2026 08:45:10 GMT+0800 (Philippine Standard Time),Tue Mar 17 2026 08:45:10 GMT+0800 (Philippine Standard Time),,PPMP-MWPSD-2026-060,INK Refill,Goods,20,Competitive Bidding,NO,January 2026,February 2026,March 2026,GAA 2026 - Current Appropriation,false,,,,,,,ICT OFFICE SUPPLIES EXPENSES,,OFFICE OPERATION,Color: Yellow    Unit: Bottle; 65mL    Good for EPSON L3250 Printer,,NON PS-DBM,,,,,
194,3,2026,pending,[INDICATIVE],13750.00,1,,Tue Mar 17 2026 08:45:10 GMT+0800 (Philippine Standard Time),Tue Mar 17 2026 08:45:10 GMT+0800 (Philippine Standard Time),,PPMP-MWPSD-2026-065,INK Refill,Goods,20,Competitive Bidding,NO,January 2026,February 2026,March 2026,GAA 2026 - Current Appropriation,false,,,,,,,ICT OFFICE SUPPLIES EXPENSES,,OFFICE OPERATION,Color: Black    Unit: Bottle; 65mL    Good for EPSON L5290 Printer,,NON PS-DBM,,,,,
195,3,2026,pending,[INDICATIVE],13750.00,1,,Tue Mar 17 2026 08:45:10 GMT+0800 (Philippine Standard Time),Tue Mar 17 2026 08:45:10 GMT+0800 (Philippine Standard Time),,PPMP-MWPSD-2026-071,INK Refill,Goods,20,Competitive Bidding,NO,January 2026,February 2026,March 2026,GAA 2026 - Current Appropriation,false,,,,,,,ICT OFFICE SUPPLIES EXPENSES,,OFFICE OPERATION,Color: Cyan    Unit: Bottle; 65mL    Good for EPSON L5290 Printer,,NON PS-DBM,,,,,
196,3,2026,pending,[INDICATIVE],13750.00,1,,Tue Mar 17 2026 08:45:10 GMT+0800 (Philippine Standard Time),Tue Mar 17 2026 08:45:10 GMT+0800 (Philippine Standard Time),,PPMP-MWPSD-2026-078,INK Refill,Goods,20,Competitive Bidding,NO,January 2026,February 2026,March 2026,GAA 2026 - Current Appropriation,false,,,,,,,ICT OFFICE SUPPLIES EXPENSES,,OFFICE OPERATION,Color: Magenta    Unit: Bottle; 65mL    Good for EPSON L5290 Printer,,NON PS-DBM,,,,,
197,3,2026,pending,[INDICATIVE],13750.00,1,,Tue Mar 17 2026 08:45:10 GMT+0800 (Philippine Standard Time),Tue Mar 17 2026 08:45:10 GMT+0800 (Philippine Standard Time),,PPMP-MWPSD-2026-086,INK Refill,Goods,20,Competitive Bidding,NO,January 2026,February 2026,March 2026,GAA 2026 - Current Appropriation,false,,,,,,,ICT OFFICE SUPPLIES EXPENSES,,OFFICE OPERATION,Color: Yellow    Unit: Bottle; 65mL    Good for EPSON L5290 Printer,,NON PS-DBM,,,,,
198,3,2026,pending,[INDICATIVE],14000.00,1,,Tue Mar 17 2026 09:07:39 GMT+0800 (Philippine Standard Time),Tue Mar 17 2026 09:07:39 GMT+0800 (Philippine Standard Time),,PPMP-MWPSD-2026-087,Paper,Goods,50,Competitive Bidding,NO,January 2026,February 2026,March 2026,GAA 2026 - Current Appropriation,false,,,,,,,OFFICE SUPPLIES EXPENSES,,OFFICE OPERATION,Type: Bondpaper    Size: A4    80gsm    Unit: Ream,,NON PS-DBM,,,,,
199,3,2026,pending,[INDICATIVE],14300.00,1,,Tue Mar 17 2026 09:07:39 GMT+0800 (Philippine Standard Time),Tue Mar 17 2026 09:07:39 GMT+0800 (Philippine Standard Time),,PPMP-MWPSD-2026-088,Paper,Goods,50,Competitive Bidding,NO,January 2026,February 2026,March 2026,GAA 2026 - Current Appropriation,false,,,,,,,OFFICE SUPPLIES EXPENSES,,OFFICE OPERATION,Type: Bondpaper    Size: Legal    80gsm    Unit: Ream,,NON PS-DBM,,,,,
200,3,2026,pending,[INDICATIVE],3300.00,1,,Tue Mar 17 2026 09:07:39 GMT+0800 (Philippine Standard Time),Tue Mar 17 2026 09:07:39 GMT+0800 (Philippine Standard Time),,PPMP-MWPSD-2026-089,Data Folder,Goods,15,Competitive Bidding,NO,January 2026,February 2026,March 2026,GAA 2026 - Current Appropriation,false,,,,,,,OFFICE SUPPLIES EXPENSES,,OFFICE OPERATION,"Materials: made of     chipboard, 2.5mm thick, Dimension     (WxHxL): 75mm (3"") x 230mm (9"") x 380mm (15""). With all steel     lever arch file mechanism and taglia lock.",,NON PS-DBM,,,,,
201,3,2026,pending,[INDICATIVE],1920.00,1,,Tue Mar 17 2026 09:07:39 GMT+0800 (Philippine Standard Time),Tue Mar 17 2026 09:07:39 GMT+0800 (Philippine Standard Time),,PPMP-MWPSD-2026-090,Ballpen,Goods,20,Competitive Bidding,NO,January 2026,February 2026,March 2026,GAA 2026 - Current Appropriation,false,,,,,,,OFFICE SUPPLIES EXPENSES,,OFFICE OPERATION,"Color: Black, Needle Point: .07mm, 12 pcs. per box",,NON PS-DBM,,,,,
202,3,2026,pending,[INDICATIVE],1320.00,1,,Tue Mar 17 2026 09:07:39 GMT+0800 (Philippine Standard Time),Tue Mar 17 2026 09:07:39 GMT+0800 (Philippine Standard Time),,PPMP-MWPSD-2026-091,Sign Pen,Goods,30,Competitive Bidding,NO,January 2026,February 2026,March 2026,GAA 2026 - Current Appropriation,false,,,,,,,OFFICE SUPPLIES EXPENSES,,OFFICE OPERATION,"Color: Black, Needle Point: .05mm",,NON PS-DBM,,,,,
203,3,2026,pending,[INDICATIVE],1320.00,1,,Tue Mar 17 2026 09:07:39 GMT+0800 (Philippine Standard Time),Tue Mar 17 2026 09:07:39 GMT+0800 (Philippine Standard Time),,PPMP-MWPSD-2026-092,Sign Pen,Goods,30,Competitive Bidding,NO,January 2026,February 2026,March 2026,GAA 2026 - Current Appropriation,false,,,,,,,OFFICE SUPPLIES EXPENSES,,OFFICE OPERATION,"Color: Blue, Needle Point: .05mm",,NON PS-DBM,,,,,
204,3,2026,pending,[INDICATIVE],1320.00,1,,Tue Mar 17 2026 09:07:39 GMT+0800 (Philippine Standard Time),Tue Mar 17 2026 09:07:39 GMT+0800 (Philippine Standard Time),,PPMP-MWPSD-2026-093,Sign Pen,Goods,30,Competitive Bidding,NO,January 2026,February 2026,March 2026,GAA 2026 - Current Appropriation,false,,,,,,,OFFICE SUPPLIES EXPENSES,,OFFICE OPERATION,"Color: Red, Needle Point: .05mm",,NON PS-DBM,,,,,
205,3,2026,pending,[INDICATIVE],4000.00,1,,Tue Mar 17 2026 09:07:39 GMT+0800 (Philippine Standard Time),Tue Mar 17 2026 09:07:39 GMT+0800 (Philippine Standard Time),,PPMP-MWPSD-2026-094,Tape,Goods,100,Competitive Bidding,NO,January 2026,February 2026,March 2026,GAA 2026 - Current Appropriation,false,,,,,,,OFFICE SUPPLIES EXPENSES,,OFFICE OPERATION,"transparent,  1 inch",,NON PS-DBM,,,,,
206,3,2026,pending,[INDICATIVE],1100.00,1,,Tue Mar 17 2026 09:07:39 GMT+0800 (Philippine Standard Time),Tue Mar 17 2026 09:07:39 GMT+0800 (Philippine Standard Time),,PPMP-MWPSD-2026-095,Staple Wire,Goods,20,Competitive Bidding,NO,January 2026,February 2026,March 2026,GAA 2026 - Current Appropriation,false,,,,,,,OFFICE SUPPLIES EXPENSES,,OFFICE OPERATION,"-STANDARD, (26/6) or No.35, full strips staples    -5000 wires per box     -No. of wires per strip 100.",,NON PS-DBM,,,,,
207,3,2026,pending,[INDICATIVE],2475.00,1,,Tue Mar 17 2026 09:07:39 GMT+0800 (Philippine Standard Time),Tue Mar 17 2026 09:07:39 GMT+0800 (Philippine Standard Time),,PPMP-MWPSD-2026-096,Stapler,Goods,9,Competitive Bidding,NO,January 2026,February 2026,March 2026,GAA 2026 - Current Appropriation,false,,,,,,,OFFICE SUPPLIES EXPENSES,,OFFICE OPERATION,"STANDARD TYPE, load cap: 200 staples min with staple remover",,NON PS-DBM,,,,,
208,3,2026,pending,[INDICATIVE],1100.00,1,,Tue Mar 17 2026 09:07:39 GMT+0800 (Philippine Standard Time),Tue Mar 17 2026 09:07:39 GMT+0800 (Philippine Standard Time),,PPMP-MWPSD-2026-097,Correction Tape,Goods,20,Competitive Bidding,NO,January 2026,February 2026,March 2026,GAA 2026 - Current Appropriation,false,,,,,,,OFFICE SUPPLIES EXPENSES,,OFFICE OPERATION,"Color: Random, Plastic, 5mm wide 8m long",,NON PS-DBM,,,,,
209,3,2026,pending,[INDICATIVE],1210.00,1,,Tue Mar 17 2026 09:07:39 GMT+0800 (Philippine Standard Time),Tue Mar 17 2026 09:07:39 GMT+0800 (Philippine Standard Time),,PPMP-MWPSD-2026-098,Sticky Note,Goods,20,Competitive Bidding,NO,January 2026,February 2026,March 2026,GAA 2026 - Current Appropriation,false,,,,,,,OFFICE SUPPLIES EXPENSES,,OFFICE OPERATION,"""sign here"", Size: 45mm x 12mm",,NON PS-DBM,,,,,
210,3,2026,pending,[INDICATIVE],742.50,1,,Tue Mar 17 2026 09:07:39 GMT+0800 (Philippine Standard Time),Tue Mar 17 2026 09:07:39 GMT+0800 (Philippine Standard Time),,PPMP-MWPSD-2026-099,Record Book,Goods,5,Competitive Bidding,NO,January 2026,February 2026,March 2026,GAA 2026 - Current Appropriation,false,,,,,,,OFFICE SUPPLIES EXPENSES,,OFFICE OPERATION,"500 PAGES, size: 214mm x 278mm min",,NON PS-DBM,,,,,
211,3,2026,pending,[INDICATIVE],1320.00,1,,Tue Mar 17 2026 09:07:39 GMT+0800 (Philippine Standard Time),Tue Mar 17 2026 09:07:39 GMT+0800 (Philippine Standard Time),,PPMP-MWPSD-2026-100,Envelope,Goods,1,Competitive Bidding,NO,January 2026,February 2026,March 2026,GAA 2026 - Current Appropriation,false,,,,,,,OFFICE SUPPLIES EXPENSES,,OFFICE OPERATION,"EXPANDING, KRAFT for legal size document, with string and eyelet or elastic strap, 100 pieces per box.",,NON PS-DBM,,,,,
212,3,2026,pending,[INDICATIVE],247.50,1,,Tue Mar 17 2026 09:07:39 GMT+0800 (Philippine Standard Time),Tue Mar 17 2026 09:07:39 GMT+0800 (Philippine Standard Time),,PPMP-MWPSD-2026-101,Clip,Goods,5,Competitive Bidding,NO,January 2026,February 2026,March 2026,GAA 2026 - Current Appropriation,false,,,,,,,OFFICE SUPPLIES EXPENSES,,OFFICE OPERATION,"backfold, 25mm",,NON PS-DBM,,,,,
213,3,2026,pending,[INDICATIVE],99.00,1,,Tue Mar 17 2026 09:07:39 GMT+0800 (Philippine Standard Time),Tue Mar 17 2026 09:07:39 GMT+0800 (Philippine Standard Time),,PPMP-MWPSD-2026-102,Paper Clip,Goods,6,Competitive Bidding,NO,January 2026,February 2026,March 2026,GAA 2026 - Current Appropriation,false,,,,,,,OFFICE SUPPLIES EXPENSES,,OFFICE OPERATION,"vinyl/ plastic coated, 33mm, 100 's per box",,NON PS-DBM,,,,,
214,3,2026,pending,[INDICATIVE],226.00,1,,Tue Mar 17 2026 09:07:39 GMT+0800 (Philippine Standard Time),Tue Mar 17 2026 09:07:39 GMT+0800 (Philippine Standard Time),,PPMP-MWPSD-2026-103,Pencil,Goods,2,Competitive Bidding,NO,January 2026,February 2026,March 2026,GAA 2026 - Current Appropriation,false,,,,,,,OFFICE SUPPLIES EXPENSES,,OFFICE OPERATION,"Lead Hardness/Grade: No. 2 (Medium, equivalent to 2B)   Diameter: 7mm   Length: 188mm  Color: Glossy yellow  Features: Break-resistant core, non-smudge eraser  Material: Wood  No. of Pieces per box: 12 pieces",,NON PS-DBM,,,,,
215,3,2026,pending,[INDICATIVE],440.00,1,,Tue Mar 17 2026 09:10:59 GMT+0800 (Philippine Standard Time),Tue Mar 17 2026 09:10:59 GMT+0800 (Philippine Standard Time),,PPMP-MWPSD-2026-104,Puncher,Goods,2,Competitive Bidding,NO,January 2026,February 2026,March 2026,GAA 2026 - Current Appropriation,false,,,,,,,SEMI-OFFICE EQUIPMENT,,OFFICE OPERATION,"Paper, heavy duty, with two hole guide, 1",,NON PS-DBM,,,,,
216,3,2026,pending,[INDICATIVE],16000.00,1,,Tue Mar 17 2026 09:20:43 GMT+0800 (Philippine Standard Time),Tue Mar 17 2026 09:20:43 GMT+0800 (Philippine Standard Time),,PPMP-MWPSD-2026-105,Paper Shredder,Goods,1,Competitive Bidding,NO,October 2026,November 2026,December 2026,GAA 2026 - Current Appropriation,false,,,,,,,SEMI-OFFICE EQUIPMENT,,OFFICE OPERATION,PAPER/CARD/CD SHREDDER  Tempered Carbon Steel blades  Automatic shut off when bin is pulled or opened  Elegant design for office and home use  Quiet Motor and Operation  A4 220mm  Up to 5 sheets feeder  20L bin Capacity,,NON PS-DBM,,,,,
217,3,2026,pending,[INDICATIVE],15400.00,1,,Tue Mar 17 2026 09:20:43 GMT+0800 (Philippine Standard Time),Tue Mar 17 2026 09:20:43 GMT+0800 (Philippine Standard Time),,PPMP-MWPSD-2026-106,Binding and Punching Machine,Goods,1,Competitive Bidding,NO,October 2026,November 2026,December 2026,GAA 2026 - Current Appropriation,false,,,,,,,SEMI-OFFICE EQUIPMENT,,OFFICE OPERATION,"Equipped with two (2) hand lever system for punching and binding   330mm punching width and adjustable to any format, diameter, gauge    and comb binder control   Individual adjustable punching dies with variable margin depth   Manual binding capacity: 50mm or 425 sheets of paper (70gsm) (max.)",,NON PS-DBM,,,,,
218,3,2026,pending,[INDICATIVE],18160.00,1,,Tue Mar 17 2026 09:20:43 GMT+0800 (Philippine Standard Time),Tue Mar 17 2026 09:20:43 GMT+0800 (Philippine Standard Time),,PPMP-MWPSD-2026-107,Electric Fan,Goods,2,Competitive Bidding,NO,October 2026,November 2026,December 2026,GAA 2026 - Current Appropriation,false,,,,,,,SEMI-OFFICE EQUIPMENT,,OFFICE OPERATION,"Stand Fan  18"" Metal Blade  High-performance motor  With thermal fuse protection  3-speed rotary switch  Tilting head with oscillation  With height adjustment  4 legs for improved stability",,NON PS-DBM,,,,,
219,3,2026,pending,[INDICATIVE],44000.00,1,,Tue Mar 17 2026 09:22:52 GMT+0800 (Philippine Standard Time),Tue Mar 17 2026 09:22:52 GMT+0800 (Philippine Standard Time),,PPMP-MWPSD-2026-108,Tablet,Goods,2,Competitive Bidding,NO,January 2026,February 2026,March 2026,GAA 2026 - Current Appropriation,false,,,,,,,SEMI-ICT EQUIPMENT,,OFFICE OPERATION,"Operating System: at least Android 13 or Android 14 Display: 29.2cm (11.5”)   120Hz 2k Display Type: IPS LCD, 1B color, 120Hz, 450 nits (peak) Resolution: Minimum of 1200 x 2000 pixels, 5:30 ratio Color: 1 billion colors Sunlight Mode Brightness: 450nits (peak brightness) PROCESSOR CPU: at least Octa-core (2x2.2 GHz Cortex-A76 & 6x2.0 GHz Cortex-A55 GPU: Mali-G57 MC2 MEMORY RAM: 6GB-8GB ROM: 128GB-256GB External Memory: Up to 1TB memory expansion CAMERA: 8MP AI Camera Lens: 4P Photography function: Photo, AI Beauty, Filter, Panoramic View, HDR, Text Scanner Video Recording: 720p@30fps, 1080p@30fps CONNECTIVITY WLAN: 2.4/5GHz IEEE: 802.11 a/b/g/n/ac (Wi-Fi 4, Wi-Fi 5) Bluetooth: 5.2 SIM: Nano-SIM POWER AND BATTERY Type: 8360 mAh mega battery, built-in Charging: 33W Charge Supports reverse charging USB: USB Type-C",,NON PS-DBM,,,,,
220,3,2026,pending,[INDICATIVE],6000.00,1,,Tue Mar 17 2026 09:22:52 GMT+0800 (Philippine Standard Time),Tue Mar 17 2026 09:22:52 GMT+0800 (Philippine Standard Time),,PPMP-MWPSD-2026-109,External Hard Drive,Goods,1,Competitive Bidding,NO,January 2026,February 2026,March 2026,GAA 2026 - Current Appropriation,false,,,,,,,SEMI-ICT EQUIPMENT,,OFFICE OPERATION,Capacity: 1TB    USB: 3.0.,,NON PS-DBM,,,,,
225,3,2026,pending,[INDICATIVE],15000.00,1,,Tue Mar 17 2026 09:43:14 GMT+0800 (Philippine Standard Time),Tue Mar 17 2026 09:43:14 GMT+0800 (Philippine Standard Time),,PPMP-MWPSD-2026-112,Alcohol,Goods,100,Competitive Bidding,NO,January 2026,February 2026,March 2026,GAA 2026 - Current Appropriation,false,,,,,,,OTHER SUPPLIES AND MATERIALS,,OFFICE OPERATION,"Ethyl, 500ml",,NON PS-DBM,,,,,
226,3,2026,pending,[INDICATIVE],3600.00,1,,Tue Mar 17 2026 09:43:14 GMT+0800 (Philippine Standard Time),Tue Mar 17 2026 09:43:14 GMT+0800 (Philippine Standard Time),,PPMP-MWPSD-2026-113,Air Freshener,Goods,12,Competitive Bidding,NO,January 2026,February 2026,March 2026,GAA 2026 - Current Appropriation,false,,,,,,,OTHER SUPPLIES AND MATERIALS,,OFFICE OPERATION,"280 ml, Fragrance: Exotic Tropical Blossom",,NON PS-DBM,,,,,
227,3,2026,pending,[INDICATIVE],1250.00,1,,Tue Mar 17 2026 09:43:14 GMT+0800 (Philippine Standard Time),Tue Mar 17 2026 09:43:14 GMT+0800 (Philippine Standard Time),,PPMP-MWPSD-2026-114,Battery,Goods,5,Competitive Bidding,NO,January 2026,February 2026,March 2026,GAA 2026 - Current Appropriation,false,,,,,,,OTHER SUPPLIES AND MATERIALS,,OFFICE OPERATION,"Dry cell, AA, 1.5 volts, alkaline, 2 piece per pack",,NON PS-DBM,,,,,
228,3,2026,pending,[INDICATIVE],750.00,1,,Tue Mar 17 2026 09:43:14 GMT+0800 (Philippine Standard Time),Tue Mar 17 2026 09:43:14 GMT+0800 (Philippine Standard Time),,PPMP-MWPSD-2026-115,Battery,Goods,5,Competitive Bidding,NO,January 2026,February 2026,March 2026,GAA 2026 - Current Appropriation,false,,,,,,,OTHER SUPPLIES AND MATERIALS,,OFFICE OPERATION,"Battery    Dry cell, AAA, 1.5 volts, alkaline, 2 piece per pack",,NON PS-DBM,,,,,
229,3,2026,pending,[INDICATIVE],17000.00,1,,Tue Mar 17 2026 09:43:14 GMT+0800 (Philippine Standard Time),Tue Mar 17 2026 09:43:14 GMT+0800 (Philippine Standard Time),,PPMP-MWPSD-2026-116,Certificate Holder,Goods,100,Competitive Bidding,NO,January 2026,February 2026,March 2026,GAA 2026 - Current Appropriation,false,,,,,,,OTHER SUPPLIES AND MATERIALS,,OFFICE OPERATION,Holder/jacket.    Material: plastic (transparent).    Size: A4 size.,,NON PS-DBM,,,,,
230,3,2026,pending,[INDICATIVE],15000.00,1,,Tue Mar 17 2026 09:43:14 GMT+0800 (Philippine Standard Time),Tue Mar 17 2026 09:43:14 GMT+0800 (Philippine Standard Time),,PPMP-MWPSD-2026-117,Cup,Goods,100,Competitive Bidding,NO,January 2026,February 2026,March 2026,GAA 2026 - Current Appropriation,false,,,,,,,OTHER SUPPLIES AND MATERIALS,,OFFICE OPERATION,"5 oz, disposable, plastic, transparent, 50's per pack",,NON PS-DBM,,,,,
231,3,2026,pending,[INDICATIVE],10000.00,1,,Tue Mar 17 2026 09:43:14 GMT+0800 (Philippine Standard Time),Tue Mar 17 2026 09:43:14 GMT+0800 (Philippine Standard Time),,PPMP-MWPSD-2026-118,Cup,Goods,50,Competitive Bidding,NO,January 2026,February 2026,March 2026,GAA 2026 - Current Appropriation,false,,,,,,,OTHER SUPPLIES AND MATERIALS,,OFFICE OPERATION,"5 oz, disposable, paper, plain, 50's per pack",,NON PS-DBM,,,,,
232,3,2026,pending,[INDICATIVE],2500.00,1,,Tue Mar 17 2026 09:43:14 GMT+0800 (Philippine Standard Time),Tue Mar 17 2026 09:43:14 GMT+0800 (Philippine Standard Time),,PPMP-MWPSD-2026-119,Digital Clock,Goods,1,Competitive Bidding,NO,January 2026,February 2026,March 2026,GAA 2026 - Current Appropriation,false,,,,,,,OTHER SUPPLIES AND MATERIALS,,OFFICE OPERATION,Chess Clock Digital Clock Dimension: 13.5 cm x 9.5cm x 4.5 cm Weight: 135g Presentable count up/ countdown timer Maximum 10 hours with alarm,,NON PS-DBM,,,,,
233,3,2026,pending,[INDICATIVE],4500.00,1,,Tue Mar 17 2026 09:43:14 GMT+0800 (Philippine Standard Time),Tue Mar 17 2026 09:43:14 GMT+0800 (Philippine Standard Time),,PPMP-MWPSD-2026-120,Extension Wire,Goods,3,Competitive Bidding,NO,January 2026,February 2026,March 2026,GAA 2026 - Current Appropriation,false,,,,,,,OTHER SUPPLIES AND MATERIALS,,OFFICE OPERATION,"4 gang universal Outlet, AC 110-250 volts, 10A-16A, 2500W-3,000W,5 meters length",,NON PS-DBM,,,,,
234,3,2026,pending,[INDICATIVE],6000.00,1,,Tue Mar 17 2026 09:43:14 GMT+0800 (Philippine Standard Time),Tue Mar 17 2026 09:43:14 GMT+0800 (Philippine Standard Time),,PPMP-MWPSD-2026-121,Kitchenware,Goods,2,Competitive Bidding,NO,January 2026,February 2026,March 2026,GAA 2026 - Current Appropriation,false,,,,,,,OTHER SUPPLIES AND MATERIALS,,OFFICE OPERATION,"Cups and saucers with spoon, for coffee    Cup: 6 pieces.    Saucer with spoon: 6 pieces.",,NON PS-DBM,,,,,
235,3,2026,pending,[INDICATIVE],7000.00,1,,Tue Mar 17 2026 09:43:14 GMT+0800 (Philippine Standard Time),Tue Mar 17 2026 09:43:14 GMT+0800 (Philippine Standard Time),,PPMP-MWPSD-2026-122,Stamp,Goods,10,Competitive Bidding,NO,January 2026,February 2026,March 2026,GAA 2026 - Current Appropriation,false,,,,,,,OTHER SUPPLIES AND MATERIALS,,OFFICE OPERATION,"STAMP	    Material type: plastic.    Plate size: 1.5"" x 0.5"" with border, size must be maintained with border.    RECEIVED (please see attached design).",,NON PS-DBM,,,,,
236,3,2026,pending,[INDICATIVE],1400.00,1,,Tue Mar 17 2026 09:43:14 GMT+0800 (Philippine Standard Time),Tue Mar 17 2026 09:43:14 GMT+0800 (Philippine Standard Time),,PPMP-MWPSD-2026-123,Stamp,Goods,2,Competitive Bidding,NO,January 2026,February 2026,March 2026,GAA 2026 - Current Appropriation,false,,,,,,,OTHER SUPPLIES AND MATERIALS,,OFFICE OPERATION,"STAMP	    Material type: plastic.    Plate size: 1.5"" x 0.5"" with border, size must be maintained with border.    VERIFIED (please see attached design).",,NON PS-DBM,,,,,
237,3,2026,pending,[INDICATIVE],8500.00,1,,Tue Mar 17 2026 09:43:14 GMT+0800 (Philippine Standard Time),Tue Mar 17 2026 09:43:14 GMT+0800 (Philippine Standard Time),,PPMP-MWPSD-2026-124,Tissue,Goods,50,Competitive Bidding,NO,January 2026,February 2026,March 2026,GAA 2026 - Current Appropriation,false,,,,,,,OTHER SUPPLIES AND MATERIALS,,OFFICE OPERATION,"Facial Tissue, 2-ply, 250 pulls, 500 sheets, large box, soft, and highly absorbent",,NON PS-DBM,,,,,
238,3,2026,pending,[INDICATIVE],7000.00,1,,Tue Mar 17 2026 09:43:14 GMT+0800 (Philippine Standard Time),Tue Mar 17 2026 09:43:14 GMT+0800 (Philippine Standard Time),,PPMP-MWPSD-2026-125,Tissue,Goods,100,Competitive Bidding,NO,January 2026,February 2026,March 2026,GAA 2026 - Current Appropriation,false,,,,,,,OTHER SUPPLIES AND MATERIALS,,OFFICE OPERATION,"Toilet Tissue Paper, 2 ply",,NON PS-DBM,,,,,
239,3,2026,pending,[INDICATIVE],50000.00,1,,Tue Mar 17 2026 09:45:14 GMT+0800 (Philippine Standard Time),Tue Mar 17 2026 09:45:14 GMT+0800 (Philippine Standard Time),,PPMP-MWPSD-2026-126,Postage and Courier Services,Consulting Services,50,Competitive Bidding,NO,January 2026,January 2026,January 2026,GAA 2026 - Current Appropriation,false,,,,,,,OTHER MOOE,,OFFICE OPERATION,Shipping fee,,NON PS-DBM,,,,,
240,3,2026,pending,[INDICATIVE],52748.80,1,,Tue Mar 17 2026 09:47:25 GMT+0800 (Philippine Standard Time),Tue Mar 17 2026 09:47:25 GMT+0800 (Philippine Standard Time),,PPMP-MWPSD-2026-127,"Conduct of Dialouge with Provincial PESO, City PESO, and DOLE Field Offices",Goods,52,Competitive Bidding,NO,January 2026,January 2026,February 2026,GAA 2026 - Current Appropriation,false,,,,,,,REPRESENTATION EXPENSES,,TRAINING AND ACTIVITIES,"Meals and Snacks
   AM Snack, Lunch, PM Snack with flowing Coffee and free use of venue for 1 day",,PAPs,,,,,
241,3,2026,pending,[INDICATIVE],1500.00,1,,Tue Mar 17 2026 09:48:43 GMT+0800 (Philippine Standard Time),Tue Mar 17 2026 09:48:43 GMT+0800 (Philippine Standard Time),,PPMP-MWPSD-2026-128,Conduct of Job Fair during Migrants Day,Goods,10,Competitive Bidding,NO,January 2026,February 2026,March 2026,GAA 2026 - Current Appropriation,false,,,,,,,OTHER SUPPLIES AND MATERIALS,,TRAINING AND ACTIVITIES,"Gift Bag
   Kraft bag.
  With design for the token.",,PAPs,,,,,
242,3,2026,pending,[INDICATIVE],20000.00,1,,Tue Mar 17 2026 10:24:05 GMT+0800 (Philippine Standard Time),Tue Mar 17 2026 10:24:05 GMT+0800 (Philippine Standard Time),,PPMP-MWPSD-2026-129,Conduct of Job Fair during Migrants Day,Goods,10,Competitive Bidding,NO,May 2026,May 2026,June 2026,GAA 2026 - Current Appropriation,false,,,,,,,OTHER SUPPLIES AND MATERIALS,,TRAINING AND ACTIVITIES,"Token
   Customized/personalized.....
see attached design..",,PAPs,,,,,
243,3,2026,pending,[INDICATIVE],9000.00,1,,Tue Mar 17 2026 10:25:45 GMT+0800 (Philippine Standard Time),Tue Mar 17 2026 10:25:45 GMT+0800 (Philippine Standard Time),,PPMP-MWPSD-2026-130,Conduct of Job Fair during Migrants Day,Goods,5,Competitive Bidding,NO,January 2026,February 2026,March 2026,GAA 2026 - Current Appropriation,false,,,,,,,OTHER SUPPLIES AND MATERIALS,,TRAINING AND ACTIVITIES,"X Banner Stand
   For tarpaulin ,highly adjustable and easy to set up ,fiber glass rods and  aluminum tripod base , size: 2x5ft , banners can be hooked onto the stand. includes convenient portable travel bag.",,PAPs,,,,,
244,3,2026,pending,[INDICATIVE],40500.00,1,,Tue Mar 17 2026 10:37:13 GMT+0800 (Philippine Standard Time),Tue Mar 17 2026 10:37:13 GMT+0800 (Philippine Standard Time),,PPMP-MWPSD-2026-131,Conduct of Job Fair during Migrants Day,Goods,27,Competitive Bidding,NO,May 2026,May 2026,June 2026,GAA 2026 - Current Appropriation,false,,,,,,,REPRESENTATION EXPENSES,,TRAINING AND ACTIVITIES,"Meals and Snacks
   AM Snack, Lunch, PM Snack, Dinner with flowing Coffee",,PAPs,,,,,
245,3,2026,pending,[INDICATIVE],47900.00,1,,Tue Mar 17 2026 10:37:13 GMT+0800 (Philippine Standard Time),Tue Mar 17 2026 11:15:23 GMT+0800 (Philippine Standard Time),,PPMP-MWPSD-2026-132,Conduct of Job Fair during Migrants Day,Goods,20,Competitive Bidding,NO,May 2026,May 2026,June 2026,GAA 2026 - Current Appropriation,false,,,,,,,REPRESENTATION EXPENSES,,TRAINING AND ACTIVITIES,"Accommodation
   Room type: SINGLE (single bed).
  Inclusion: w/ free breakfast, free wi-fi, and amenities…",,PAPs,,,,,
246,3,2026,pending,[INDICATIVE],7000.00,1,,Tue Mar 17 2026 10:39:59 GMT+0800 (Philippine Standard Time),Tue Mar 17 2026 10:39:59 GMT+0800 (Philippine Standard Time),,PPMP-MWPSD-2026-133,Conduct of Job Fair during Migrants Day,Goods,350,Competitive Bidding,NO,May 2026,May 2026,June 2026,GAA 2026 - Current Appropriation,false,,,,,,,"PRINTING, PUBLICATION AND BINDING EXPENSES",,TRAINING AND ACTIVITIES,"Tapaulin Printing
   Thickness: 15oz.",,PAPs,,,,,
247,3,2026,pending,[INDICATIVE],8000.00,1,,Tue Mar 17 2026 10:39:59 GMT+0800 (Philippine Standard Time),Tue Mar 17 2026 10:39:59 GMT+0800 (Philippine Standard Time),,PPMP-MWPSD-2026-134,Conduct of Job Fair during Migrants Day,Goods,200,Competitive Bidding,NO,May 2026,May 2026,June 2026,GAA 2026 - Current Appropriation,false,,,,,,,"PRINTING, PUBLICATION AND BINDING EXPENSES",,TRAINING AND ACTIVITIES,"Brochure Printing
   Brochures Type : A4 size, C2S Trifold, glossy (front and back), 200gsm",,PAPs,,,,,
248,3,2026,pending,[INDICATIVE],308851.20,1,,Tue Mar 17 2026 10:41:17 GMT+0800 (Philippine Standard Time),Tue Mar 17 2026 10:41:17 GMT+0800 (Philippine Standard Time),,PPMP-MWPSD-2026-135,Year‑End Performance Assessment (YEPA),Goods,45,Competitive Bidding,NO,October 2026,November 2026,December 2026,GAA 2026 - Current Appropriation,false,,,,,,,REPRESENTATION EXPENSES,,TRAINING AND ACTIVITIES,"Meals,Snacks, Accommodation
   Breakfast, AM Snack, Lunch, PM Snack, Dinner with flowing Coffee, Accommodation good for 2 days",,PAPs,,,,,
249,3,2026,pending,[INDICATIVE],25000.00,1,,Tue Mar 17 2026 11:03:58 GMT+0800 (Philippine Standard Time),Tue Mar 17 2026 11:03:58 GMT+0800 (Philippine Standard Time),,PPMP-MWPSD-2026-136,Executive Office Table,Goods,1,Competitive Bidding,NO,January 2026,February 2026,March 2026,GAA 2026 - Current Appropriation,false,,,,,,,SEMI-FURNITURE & FIXTURES,,OFFICE OPERATION,"Measurements: Width: 18 cm, Depth: 160 cm, Height: 75 cm.     Materials: Panels- Melamine Face Chipboard), Legs & Handle: Metal.     Color Panel: Walnut + Gray, Frame & Legs: Black Metal.     Weight Capacity: 100 kgs.",,NON PS-DBM,,,,,
250,3,2026,pending,[INDICATIVE],25000.00,1,,Tue Mar 17 2026 11:03:58 GMT+0800 (Philippine Standard Time),Tue Mar 17 2026 11:03:58 GMT+0800 (Philippine Standard Time),,PPMP-MWPSD-2026-137,Cabinet/ Pedestal,Goods,2,Competitive Bidding,NO,January 2026,February 2026,March 2026,GAA 2026 - Current Appropriation,false,,,,,,,SEMI-FURNITURE & FIXTURES,,OFFICE OPERATION,"Type: Steel,     Size: Width: 39 cm, Depth: 52 cm, Height: 60 cm,     Materials: Made of 0.6 mm thick cold-rolled steel sheet in powder coated    finish with 16inches metal drawer slide.   38 mm dia. nylon wheel castor,    Color: Grey,    Weight Capacity: 20 kgs/drawer",,NON PS-DBM,,,,,
251,2,2026,pending,[INDICATIVE],13750.00,1,,Tue Mar 17 2026 13:47:44 GMT+0800 (Philippine Standard Time),Tue Mar 17 2026 13:47:44 GMT+0800 (Philippine Standard Time),,PPMP-MWPTD-2026-001,INK Refill,Goods,20,Small Value Procurement,NO,January 2026,February 2026,March 2026,GAA 2026 - Current Appropriation,false,,,,,,,ICT OFFICE SUPPLIES EXPENSES,,OFFICE OPERATION,"Color: Black             Unit: Bottle, 65mL             Good for EPSON L3250 Printer",,NON PS-DBM,,,,,
252,2,2026,pending,[INDICATIVE],13750.00,1,,Tue Mar 17 2026 13:47:44 GMT+0800 (Philippine Standard Time),Tue Mar 17 2026 13:47:44 GMT+0800 (Philippine Standard Time),,PPMP-MWPTD-2026-002,INK Refill,Goods,20,Small Value Procurement,NO,January 2026,February 2026,March 2026,GAA 2026 - Current Appropriation,false,,,,,,,ICT OFFICE SUPPLIES EXPENSES,,OFFICE OPERATION,"Color: Cyan            Unit: Bottle, 65mL            Good for EPSON L3250 Printer",,NON PS-DBM,,,,,
253,2,2026,pending,[INDICATIVE],13750.00,1,,Tue Mar 17 2026 13:47:44 GMT+0800 (Philippine Standard Time),Tue Mar 17 2026 13:47:44 GMT+0800 (Philippine Standard Time),,PPMP-MWPTD-2026-003,INK Refill,Goods,20,Small Value Procurement,NO,January 2026,February 2026,March 2026,GAA 2026 - Current Appropriation,false,,,,,,,ICT OFFICE SUPPLIES EXPENSES,,OFFICE OPERATION,"Color: Magenta            Unit: Bottle, 65mL            Good for EPSON L3250 Printer",,NON PS-DBM,,,,,
254,2,2026,pending,[INDICATIVE],13750.00,1,,Tue Mar 17 2026 13:47:44 GMT+0800 (Philippine Standard Time),Tue Mar 17 2026 13:47:44 GMT+0800 (Philippine Standard Time),,PPMP-MWPTD-2026-004,INK Refill,Goods,20,Small Value Procurement,NO,January 2026,February 2026,March 2026,GAA 2026 - Current Appropriation,false,,,,,,,ICT OFFICE SUPPLIES EXPENSES,,OFFICE OPERATION,"Color: Yellow           Unit: Bottle, 65mL           Good for EPSON L3250 Printer",,NON PS-DBM,,,,,
255,2,2026,pending,[INDICATIVE],13750.00,1,,Tue Mar 17 2026 13:47:44 GMT+0800 (Philippine Standard Time),Tue Mar 17 2026 13:47:44 GMT+0800 (Philippine Standard Time),,PPMP-MWPTD-2026-005,INK Refill,Goods,20,Small Value Procurement,NO,January 2026,February 2026,March 2026,GAA 2026 - Current Appropriation,false,,,,,,,ICT OFFICE SUPPLIES EXPENSES,,OFFICE OPERATION,"Color: Black           Unit: Bottle, 65mL           Good for EPSON L5290 Printer",,NON PS-DBM,,,,,
256,2,2026,pending,[INDICATIVE],13750.00,1,,Tue Mar 17 2026 13:47:44 GMT+0800 (Philippine Standard Time),Tue Mar 17 2026 13:47:44 GMT+0800 (Philippine Standard Time),,PPMP-MWPTD-2026-006,INK Refill,Goods,20,Small Value Procurement,NO,January 2026,February 2026,March 2026,GAA 2026 - Current Appropriation,false,,,,,,,ICT OFFICE SUPPLIES EXPENSES,,OFFICE OPERATION,"Color: Cyan           Unit: Bottle, 65mL           Good for EPSON L5290 Printer",,NON PS-DBM,,,,,
257,2,2026,pending,[INDICATIVE],13750.00,1,,Tue Mar 17 2026 13:47:44 GMT+0800 (Philippine Standard Time),Tue Mar 17 2026 13:47:44 GMT+0800 (Philippine Standard Time),,PPMP-MWPTD-2026-007,INK Refill,Goods,20,Small Value Procurement,NO,January 2026,February 2026,March 2026,GAA 2026 - Current Appropriation,false,,,,,,,ICT OFFICE SUPPLIES EXPENSES,,OFFICE OPERATION,"Color: Magenta          Unit: Bottle, 65mL          Good for EPSON L5290 Printer",,NON PS-DBM,,,,,
258,2,2026,pending,[INDICATIVE],13750.00,1,,Tue Mar 17 2026 13:47:44 GMT+0800 (Philippine Standard Time),Tue Mar 17 2026 13:47:44 GMT+0800 (Philippine Standard Time),,PPMP-MWPTD-2026-008,INK Refill,Goods,20,Small Value Procurement,NO,January 2026,February 2026,March 2026,GAA 2026 - Current Appropriation,false,,,,,,,ICT OFFICE SUPPLIES EXPENSES,,OFFICE OPERATION,"Color: Yellow         Unit: Bottle, 65mL         Good for EPSON L5290 Printer",,NON PS-DBM,,,,,
259,2,2026,pending,[INDICATIVE],8250.00,1,,Tue Mar 17 2026 14:06:05 GMT+0800 (Philippine Standard Time),Tue Mar 17 2026 14:06:05 GMT+0800 (Philippine Standard Time),,PPMP-MWPTD-2026-009,Paper,Goods,30,Small Value Procurement,NO,January 2026,February 2026,March 2026,GAA 2026 - Current Appropriation,false,,,,,,,OFFICE SUPPLIES EXPENSES,,OFFICE OPERATION,Type: Bondpaper                               Size: A4                               80gsm                               Unit: Ream,,NON PS-DBM,,,,,
260,2,2026,pending,[INDICATIVE],7000.00,1,,Tue Mar 17 2026 14:06:05 GMT+0800 (Philippine Standard Time),Tue Mar 17 2026 14:06:05 GMT+0800 (Philippine Standard Time),,PPMP-MWPTD-2026-010,Paper,Goods,25,Small Value Procurement,NO,January 2026,February 2026,March 2026,GAA 2026 - Current Appropriation,false,,,,,,,OFFICE SUPPLIES EXPENSES,,OFFICE OPERATION,Type: Bondpaper                               Size: Legal                               80gsm                               Unit: Ream,,NON PS-DBM,,,,,
261,2,2026,pending,[INDICATIVE],2200.00,1,,Tue Mar 17 2026 14:06:05 GMT+0800 (Philippine Standard Time),Tue Mar 17 2026 14:06:05 GMT+0800 (Philippine Standard Time),,PPMP-MWPTD-2026-011,Data Folder,Goods,10,Small Value Procurement,NO,January 2026,February 2026,March 2026,GAA 2026 - Current Appropriation,false,,,,,,,OFFICE SUPPLIES EXPENSES,,OFFICE OPERATION,"Materials: made of chipboard, 2.5mm thick, Dimension                                 (WxHxL): 75mm  (3"") x 230mm (9"") x 380mm (15""). With all                                 steel lever arch file mechanism and taglia lock",,NON PS-DBM,,,,,
262,2,2026,pending,[INDICATIVE],1920.00,1,,Tue Mar 17 2026 14:06:05 GMT+0800 (Philippine Standard Time),Tue Mar 17 2026 14:06:05 GMT+0800 (Philippine Standard Time),,PPMP-MWPTD-2026-012,Ballpen,Goods,20,Small Value Procurement,NO,January 2026,February 2026,March 2026,GAA 2026 - Current Appropriation,false,,,,,,,OFFICE SUPPLIES EXPENSES,,OFFICE OPERATION,"Color: Black, Needle Point: .07mm, 12 pcs per box",,NON PS-DBM,,,,,
263,2,2026,pending,[INDICATIVE],880.00,1,,Tue Mar 17 2026 14:06:05 GMT+0800 (Philippine Standard Time),Tue Mar 17 2026 14:06:05 GMT+0800 (Philippine Standard Time),,PPMP-MWPTD-2026-013,Sign Pen,Goods,20,Small Value Procurement,NO,January 2026,February 2026,March 2026,GAA 2026 - Current Appropriation,false,,,,,,,OFFICE SUPPLIES EXPENSES,,OFFICE OPERATION,"Color: Black, Needle Point: .05mm",,NON PS-DBM,,,,,
264,2,2026,pending,[INDICATIVE],880.00,1,,Tue Mar 17 2026 14:06:05 GMT+0800 (Philippine Standard Time),Tue Mar 17 2026 14:06:05 GMT+0800 (Philippine Standard Time),,PPMP-MWPTD-2026-014,Sign Pen,Goods,20,Small Value Procurement,NO,January 2026,February 2026,March 2026,GAA 2026 - Current Appropriation,false,,,,,,,OFFICE SUPPLIES EXPENSES,,OFFICE OPERATION,"Color: Blue, Needle Point: .05mm",,NON PS-DBM,,,,,
265,2,2026,pending,[INDICATIVE],880.00,1,,Tue Mar 17 2026 14:06:05 GMT+0800 (Philippine Standard Time),Tue Mar 17 2026 14:06:05 GMT+0800 (Philippine Standard Time),,PPMP-MWPTD-2026-015,Sign Pen,Goods,20,Small Value Procurement,NO,January 2026,February 2026,March 2026,GAA 2026 - Current Appropriation,false,,,,,,,OFFICE SUPPLIES EXPENSES,,OFFICE OPERATION,"Color: Red, Needle Point: .05mm",,NON PS-DBM,,,,,
266,2,2026,pending,[INDICATIVE],3800.00,1,,Tue Mar 17 2026 14:06:05 GMT+0800 (Philippine Standard Time),Tue Mar 17 2026 14:06:05 GMT+0800 (Philippine Standard Time),,PPMP-MWPTD-2026-016,Tape,Goods,100,Small Value Procurement,NO,January 2026,February 2026,March 2026,GAA 2026 - Current Appropriation,false,,,,,,,OFFICE SUPPLIES EXPENSES,,OFFICE OPERATION,"transparent, 1 inch",,NON PS-DBM,,,,,
267,2,2026,pending,[INDICATIVE],1100.00,1,,Tue Mar 17 2026 14:06:05 GMT+0800 (Philippine Standard Time),Tue Mar 17 2026 14:06:05 GMT+0800 (Philippine Standard Time),,PPMP-MWPTD-2026-017,Staple Wire,Goods,20,Small Value Procurement,NO,January 2026,February 2026,March 2026,GAA 2026 - Current Appropriation,false,,,,,,,OFFICE SUPPLIES EXPENSES,,OFFICE OPERATION,"-STANDARD, (26/6) or No.35, full strip staples                               -5000 wires per box                               -No. of wires per strip 100",,NON PS-DBM,,,,,
268,2,2026,pending,[INDICATIVE],1375.00,1,,Tue Mar 17 2026 14:06:05 GMT+0800 (Philippine Standard Time),Tue Mar 17 2026 14:06:05 GMT+0800 (Philippine Standard Time),,PPMP-MWPTD-2026-018,Stapler,Goods,5,Small Value Procurement,NO,January 2026,February 2026,March 2026,GAA 2026 - Current Appropriation,false,,,,,,,OFFICE SUPPLIES EXPENSES,,OFFICE OPERATION,STANDARD TYPE: load cap: 200 staples min with staple remover,,NON PS-DBM,,,,,
269,2,2026,pending,[INDICATIVE],1100.00,1,,Tue Mar 17 2026 14:06:05 GMT+0800 (Philippine Standard Time),Tue Mar 17 2026 14:06:05 GMT+0800 (Philippine Standard Time),,PPMP-MWPTD-2026-019,Correction Tape,Goods,20,Small Value Procurement,NO,January 2026,February 2026,March 2026,GAA 2026 - Current Appropriation,false,,,,,,,OFFICE SUPPLIES EXPENSES,,OFFICE OPERATION,"Color: Random, Plastic, 5mm wide 8m long",,NON PS-DBM,,,,,
270,2,2026,pending,[INDICATIVE],1200.00,1,,Tue Mar 17 2026 14:06:05 GMT+0800 (Philippine Standard Time),Tue Mar 17 2026 14:06:05 GMT+0800 (Philippine Standard Time),,PPMP-MWPTD-2026-020,Sticky Notes,Goods,20,Small Value Procurement,NO,January 2026,February 2026,March 2026,GAA 2026 - Current Appropriation,false,,,,,,,OFFICE SUPPLIES EXPENSES,,OFFICE OPERATION,"""Sign Here"", Size: 45mm x 12mm",,NON PS-DBM,,,,,
271,2,2026,pending,[INDICATIVE],750.00,1,,Tue Mar 17 2026 14:06:05 GMT+0800 (Philippine Standard Time),Tue Mar 17 2026 14:06:05 GMT+0800 (Philippine Standard Time),,PPMP-MWPTD-2026-021,Record Book,Goods,5,Small Value Procurement,NO,January 2026,February 2026,March 2026,GAA 2026 - Current Appropriation,false,,,,,,,OFFICE SUPPLIES EXPENSES,,OFFICE OPERATION,"500 Pages, Size: 214mm x 278mm min",,NON PS-DBM,,,,,
272,2,2026,pending,[INDICATIVE],1320.00,1,,Tue Mar 17 2026 14:06:05 GMT+0800 (Philippine Standard Time),Tue Mar 17 2026 14:06:05 GMT+0800 (Philippine Standard Time),,PPMP-MWPTD-2026-022,Envelope,Goods,1,Small Value Procurement,NO,January 2026,February 2026,March 2026,GAA 2026 - Current Appropriation,false,,,,,,,OFFICE SUPPLIES EXPENSES,,OFFICE OPERATION,"EXPANDING, KRAFT for legal size document, with string and                                 eyelet or elastic strap, 100 pieces per box.",,NON PS-DBM,,,,,
273,2,2026,pending,[INDICATIVE],300.00,1,,Tue Mar 17 2026 14:06:05 GMT+0800 (Philippine Standard Time),Tue Mar 17 2026 14:06:05 GMT+0800 (Philippine Standard Time),,PPMP-MWPTD-2026-023,Clip,Goods,6,Small Value Procurement,NO,January 2026,February 2026,March 2026,GAA 2026 - Current Appropriation,false,,,,,,,OFFICE SUPPLIES EXPENSES,,OFFICE OPERATION,"backfold, 25mm",,NON PS-DBM,,,,,
274,2,2026,pending,[INDICATIVE],300.00,1,,Tue Mar 17 2026 14:06:05 GMT+0800 (Philippine Standard Time),Tue Mar 17 2026 14:06:05 GMT+0800 (Philippine Standard Time),,PPMP-MWPTD-2026-024,Paper Clip,Goods,6,Small Value Procurement,NO,January 2026,February 2026,March 2026,GAA 2026 - Current Appropriation,false,,,,,,,OFFICE SUPPLIES EXPENSES,,OFFICE OPERATION,"vinyl/ plastic coated, 33mm, 100 pcs per box",,NON PS-DBM,,,,,
275,2,2026,pending,[INDICATIVE],1275.00,1,,Tue Mar 17 2026 14:06:05 GMT+0800 (Philippine Standard Time),Tue Mar 17 2026 14:06:05 GMT+0800 (Philippine Standard Time),,PPMP-MWPTD-2026-025,Single Size Certificate Holder,Goods,15,Small Value Procurement,NO,January 2026,February 2026,March 2026,GAA 2026 - Current Appropriation,false,,,,,,,OFFICE SUPPLIES EXPENSES,,OFFICE OPERATION,Size: A4                              Color: Dark blue,,NON PS-DBM,,,,,
276,2,2026,pending,[INDICATIVE],650.00,1,,Tue Mar 17 2026 14:06:05 GMT+0800 (Philippine Standard Time),Tue Mar 17 2026 14:06:05 GMT+0800 (Philippine Standard Time),,PPMP-MWPTD-2026-026,Parchment Paper (Elit),Goods,10,Small Value Procurement,NO,January 2026,February 2026,March 2026,GAA 2026 - Current Appropriation,false,,,,,,,OFFICE SUPPLIES EXPENSES,,OFFICE OPERATION,Size:  A4                                80 gsm                               Unit: Pack                               No. of pieces per pack: 10pcs,,NON PS-DBM,,,,,
277,2,2026,pending,[INDICATIVE],34000.00,1,,Tue Mar 17 2026 14:08:46 GMT+0800 (Philippine Standard Time),Tue Mar 17 2026 14:08:46 GMT+0800 (Philippine Standard Time),,PPMP-MWPTD-2026-027,Binding and Punching Machine with Ring Binder,Goods,1,Small Value Procurement,NO,January 2026,February 2026,March 2026,GAA 2026 - Current Appropriation,false,,,,,,,SEMI-OFFICE EQUIPMENT,,OFFICE OPERATION,"Equipping with two (2) hand lever system for punching and                              binding 330mm punching width and adjustable to any format,                               diameter, gauge and comb binder control                              Individual adjustable punching dies with variable margin depth                              Manual binding capacity: 50mm or 425 sheets of paper                              (70gsm)",,NON PS-DBM,,,,,
278,2,2026,pending,[INDICATIVE],11000.00,1,,Tue Mar 17 2026 14:08:46 GMT+0800 (Philippine Standard Time),Tue Mar 17 2026 14:08:46 GMT+0800 (Philippine Standard Time),,PPMP-MWPTD-2026-028,Stackable chair metal base,Goods,10,Small Value Procurement,NO,January 2026,February 2026,March 2026,GAA 2026 - Current Appropriation,false,,,,,,,SEMI-OFFICE EQUIPMENT,,OFFICE OPERATION,N/A,,NON PS-DBM,,,,,
279,2,2026,pending,[INDICATIVE],40000.00,1,,Tue Mar 17 2026 14:11:58 GMT+0800 (Philippine Standard Time),Tue Mar 17 2026 14:11:58 GMT+0800 (Philippine Standard Time),,PPMP-MWPTD-2026-029,Tablet,Goods,2,Small Value Procurement,NO,January 2026,February 2026,March 2026,GAA 2026 - Current Appropriation,false,,,,,,,SEMI-ICT EQUIPMENT,,OFFICE OPERATION,"Operating System: at least Android 14, HyperOS                             Body: 30.7cm (12.1"") 120Hz 2k Display Type: IPS LCD, 68B                              color, 120Hz, 600 nits (peak) Resolution: Minimum of 1600 x                              2560 pixels,  PROCESSOR CPU: at least Octa-core (4x2.4                             GHz Cortex-A78 & 4x1.95 GHz  Cortex-A55)                              GPU: Atleast Adreno 710 Chipset: Alteast Snapdragon 7s Gen                              2 (4nm)                               Battery: Atleast 10000 mAhUSB: USB Type-C 2.0",,NON PS-DBM,,,,,
280,2,2026,pending,[INDICATIVE],5000.00,1,,Tue Mar 17 2026 14:11:58 GMT+0800 (Philippine Standard Time),Tue Mar 17 2026 14:11:58 GMT+0800 (Philippine Standard Time),,PPMP-MWPTD-2026-030,External Hard Drive,Goods,1,Small Value Procurement,NO,January 2026,February 2026,March 2026,GAA 2026 - Current Appropriation,false,,,,,,,SEMI-ICT EQUIPMENT,,OFFICE OPERATION,Capacity: 1TB                             USB: 3.0,,NON PS-DBM,,,,,
281,2,2026,pending,[INDICATIVE],50000.00,1,,Tue Mar 17 2026 14:13:14 GMT+0800 (Philippine Standard Time),Tue Mar 17 2026 14:13:14 GMT+0800 (Philippine Standard Time),,PPMP-MWPTD-2026-031,Pedestal,Goods,10,Small Value Procurement,NO,January 2026,February 2026,March 2026,GAA 2026 - Current Appropriation,false,,,,,,,SEMI-FURNITURE & FIXTURES,,OFFICE OPERATION,"Type: Steel                             Size: Width: 39cm, Depth: 52cm, Height: 60cm                             Materials: Made of 0.6mm thick cold-rolled steel sheet in                              powder coated finish with 16 inches metal drawer slide, 38mm                             dia. Nylon wheel castor                             Color: Grey                             Weight Capacity: 20kgs/drawer",,NON PS-DBM,,,,,
282,2,2026,pending,[INDICATIVE],15000.00,1,,Tue Mar 17 2026 14:28:54 GMT+0800 (Philippine Standard Time),Tue Mar 17 2026 14:28:54 GMT+0800 (Philippine Standard Time),,PPMP-MWPTD-2026-032,Alcohol,Goods,100,Small Value Procurement,NO,January 2026,February 2026,March 2026,GAA 2026 - Current Appropriation,false,,,,,,,OTHER SUPPLIES AND MATERIALS,,OFFICE OPERATION,"Ethyl, 500ml",,NON PS-DBM,,,,,
283,2,2026,pending,[INDICATIVE],15000.00,1,,Tue Mar 17 2026 14:28:54 GMT+0800 (Philippine Standard Time),Tue Mar 17 2026 14:28:54 GMT+0800 (Philippine Standard Time),,PPMP-MWPTD-2026-033,Air Freshener,Goods,50,Small Value Procurement,NO,January 2026,February 2026,March 2026,GAA 2026 - Current Appropriation,false,,,,,,,OTHER SUPPLIES AND MATERIALS,,OFFICE OPERATION,280ml,,NON PS-DBM,,,,,
284,2,2026,pending,[INDICATIVE],2500.00,1,,Tue Mar 17 2026 14:28:54 GMT+0800 (Philippine Standard Time),Tue Mar 17 2026 14:28:54 GMT+0800 (Philippine Standard Time),,PPMP-MWPTD-2026-034,Battery,Goods,10,Small Value Procurement,NO,January 2026,February 2026,March 2026,GAA 2026 - Current Appropriation,false,,,,,,,OTHER SUPPLIES AND MATERIALS,,OFFICE OPERATION,"Dry Cell, AA, 1.5 volts, alkaline, 2 piece per pack",,NON PS-DBM,,,,,
285,2,2026,pending,[INDICATIVE],1500.00,1,,Tue Mar 17 2026 14:28:54 GMT+0800 (Philippine Standard Time),Tue Mar 17 2026 14:28:54 GMT+0800 (Philippine Standard Time),,PPMP-MWPTD-2026-035,Battery,Goods,10,Small Value Procurement,NO,January 2026,February 2026,March 2026,GAA 2026 - Current Appropriation,false,,,,,,,OTHER SUPPLIES AND MATERIALS,,OFFICE OPERATION,"Dry Cell, AAA, 1.5 volts, alkaline, 2 piece per pack",,NON PS-DBM,,,,,
286,2,2026,pending,[INDICATIVE],15300.00,1,,Tue Mar 17 2026 14:28:54 GMT+0800 (Philippine Standard Time),Tue Mar 17 2026 14:28:54 GMT+0800 (Philippine Standard Time),,PPMP-MWPTD-2026-036,Certificate Holder,Goods,90,Small Value Procurement,NO,January 2026,February 2026,March 2026,GAA 2026 - Current Appropriation,false,,,,,,,OTHER SUPPLIES AND MATERIALS,,OFFICE OPERATION,Holder/jacket.                           Material: plastic (transparent)                           Size: A4,,NON PS-DBM,,,,,
287,2,2026,pending,[INDICATIVE],2500.00,1,,Tue Mar 17 2026 14:28:54 GMT+0800 (Philippine Standard Time),Tue Mar 17 2026 14:28:54 GMT+0800 (Philippine Standard Time),,PPMP-MWPTD-2026-037,Digital Clock,Goods,1,Small Value Procurement,NO,January 2026,February 2026,March 2026,GAA 2026 - Current Appropriation,false,,,,,,,OTHER SUPPLIES AND MATERIALS,,OFFICE OPERATION,Chess Clock Digital Clock Dimension: 13.5 cm x 9.5cm x 4.5cm                            Weight: 135g Presentable count up/ countdown timer Maximum                           10 hours with alarm,,NON PS-DBM,,,,,
288,2,2026,pending,[INDICATIVE],10500.00,1,,Tue Mar 17 2026 14:28:54 GMT+0800 (Philippine Standard Time),Tue Mar 17 2026 14:28:54 GMT+0800 (Philippine Standard Time),,PPMP-MWPTD-2026-038,Disinfectant Spray,Goods,35,Small Value Procurement,NO,January 2026,February 2026,March 2026,GAA 2026 - Current Appropriation,false,,,,,,,OTHER SUPPLIES AND MATERIALS,,OFFICE OPERATION,70%–75% alcohol content or quaternary ammonium compounds,,NON PS-DBM,,,,,
289,2,2026,pending,[INDICATIVE],3000.00,1,,Tue Mar 17 2026 14:28:54 GMT+0800 (Philippine Standard Time),Tue Mar 17 2026 14:28:54 GMT+0800 (Philippine Standard Time),,PPMP-MWPTD-2026-039,Double Sided Tape,Goods,60,Small Value Procurement,NO,January 2026,February 2026,March 2026,GAA 2026 - Current Appropriation,false,,,,,,,OTHER SUPPLIES AND MATERIALS,,OFFICE OPERATION,"Foam, 24mm",,NON PS-DBM,,,,,
290,2,2026,pending,[INDICATIVE],4500.00,1,,Tue Mar 17 2026 14:28:54 GMT+0800 (Philippine Standard Time),Tue Mar 17 2026 14:28:54 GMT+0800 (Philippine Standard Time),,PPMP-MWPTD-2026-040,Extension Wire,Goods,3,Small Value Procurement,NO,January 2026,February 2026,March 2026,GAA 2026 - Current Appropriation,false,,,,,,,OTHER SUPPLIES AND MATERIALS,,OFFICE OPERATION,"4 gang universal outlet, AC 110-250 volts, 10A-16A, 2500W-                         3000W. 5 meters in length",,NON PS-DBM,,,,,
291,2,2026,pending,[INDICATIVE],1000.00,1,,Tue Mar 17 2026 14:28:54 GMT+0800 (Philippine Standard Time),Tue Mar 17 2026 14:28:54 GMT+0800 (Philippine Standard Time),,PPMP-MWPTD-2026-041,Glue Gun,Goods,2,Small Value Procurement,NO,January 2026,February 2026,March 2026,GAA 2026 - Current Appropriation,false,,,,,,,OTHER SUPPLIES AND MATERIALS,,OFFICE OPERATION,Heavy Duty Power: 150W                         Voltage: 240V                         Glue Stick Diameter: 7mm,,NON PS-DBM,,,,,
292,2,2026,pending,[INDICATIVE],9200.00,1,,Tue Mar 17 2026 14:28:54 GMT+0800 (Philippine Standard Time),Tue Mar 17 2026 14:28:54 GMT+0800 (Philippine Standard Time),,PPMP-MWPTD-2026-042,Hand Sanitizer,Goods,46,Small Value Procurement,NO,January 2026,February 2026,March 2026,GAA 2026 - Current Appropriation,false,,,,,,,OTHER SUPPLIES AND MATERIALS,,OFFICE OPERATION,Liquid Gel                         Alcohol 75%                         500ml,,NON PS-DBM,,,,,
293,2,2026,pending,[INDICATIVE],7000.00,1,,Tue Mar 17 2026 14:28:54 GMT+0800 (Philippine Standard Time),Tue Mar 17 2026 14:28:54 GMT+0800 (Philippine Standard Time),,PPMP-MWPTD-2026-043,Stamp,Goods,10,Small Value Procurement,NO,January 2026,February 2026,March 2026,GAA 2026 - Current Appropriation,false,,,,,,,OTHER SUPPLIES AND MATERIALS,,OFFICE OPERATION,"Material Type: Plastic                        Plate Size: 1.5""x0.5' with border, size must be maintained with                         border.",,NON PS-DBM,,,,,
294,2,2026,pending,[INDICATIVE],8500.00,1,,Tue Mar 17 2026 14:28:54 GMT+0800 (Philippine Standard Time),Tue Mar 17 2026 14:28:54 GMT+0800 (Philippine Standard Time),,PPMP-MWPTD-2026-044,Tissue,Goods,50,Small Value Procurement,NO,January 2026,February 2026,March 2026,GAA 2026 - Current Appropriation,false,,,,,,,OTHER SUPPLIES AND MATERIALS,,OFFICE OPERATION,"Facial tissue, 2-ply, 250 pulls, 500 sheets, large box, soft, and                        highly absorbent",,NON PS-DBM,,,,,
295,2,2026,pending,[INDICATIVE],7000.00,1,,Tue Mar 17 2026 14:28:54 GMT+0800 (Philippine Standard Time),Tue Mar 17 2026 14:28:54 GMT+0800 (Philippine Standard Time),,PPMP-MWPTD-2026-045,Tissue,Goods,100,Small Value Procurement,NO,January 2026,February 2026,March 2026,GAA 2026 - Current Appropriation,false,,,,,,,OTHER SUPPLIES AND MATERIALS,,OFFICE OPERATION,"Toilet Tissue Paper, 2ply",,NON PS-DBM,,,,,
297,2,2026,pending,[INDICATIVE],50000.00,1,,Tue Mar 17 2026 14:38:45 GMT+0800 (Philippine Standard Time),Tue Mar 17 2026 14:38:45 GMT+0800 (Philippine Standard Time),,PPMP-MWPTD-2026-047,Postage and Courier Services,Consulting Services,50,Small Value Procurement,NO,January 2026,February 2026,March 2026,GAA 2026 - Current Appropriation,false,,,,,,,OTHER MOOE,,OFFICE OPERATION,Shipping Fee,,NON PS-DBM,,,,,
298,2,2026,pending,[INDICATIVE],5000.00,1,,Tue Mar 17 2026 14:41:16 GMT+0800 (Philippine Standard Time),Tue Mar 17 2026 14:41:16 GMT+0800 (Philippine Standard Time),,PPMP-MWPTD-2026-048,Tarpaulin Printing,Goods,250,Small Value Procurement,NO,February 2026,March 2026,April 2026,GAA 2026 - Current Appropriation,false,,,,,,,"PRINTING, PUBLICATION AND BINDING EXPENSES",,TRAINING AND ACTIVITIES,Thickness: 15oz,,PAPs,,,,,
299,2,2026,pending,[INDICATIVE],3750.00,1,,Tue Mar 17 2026 15:02:56 GMT+0800 (Philippine Standard Time),Tue Mar 17 2026 15:02:56 GMT+0800 (Philippine Standard Time),,PPMP-MWPTD-2026-049,"Conduct of Capacity Enhancement Training  for PESO Managers, Law Enforcers, and Community Leaders",Goods,25,Small Value Procurement,NO,February 2026,March 2026,April 2026,GAA 2026 - Current Appropriation,false,,,,,,,OTHER SUPPLIES AND MATERIALS,,TRAINING AND ACTIVITIES,"Gift Bag 
                       Kraft bag with design for the token",,PAPs,,,,,
300,2,2026,pending,[INDICATIVE],5000.00,1,,Tue Mar 17 2026 15:26:16 GMT+0800 (Philippine Standard Time),Tue Mar 17 2026 15:26:16 GMT+0800 (Philippine Standard Time),,PPMP-MWPTD-2026-050,"Conduct of Capacity Enhancement Training  for PESO Managers, Law Enforcers, and Community Leaders",Goods,250,Small Value Procurement,NO,February 2026,March 2026,April 2026,GAA 2026 - Current Appropriation,false,,,,,,,"PRINTING, PUBLICATION AND BINDING EXPENSES",,TRAINING AND ACTIVITIES,"Tarpaulin Printing
                      Thickness: 15oz",,PAPs,,,,,
301,2,2026,pending,[INDICATIVE],22500.00,1,,Tue Mar 17 2026 15:28:42 GMT+0800 (Philippine Standard Time),Tue Mar 17 2026 15:28:42 GMT+0800 (Philippine Standard Time),,PPMP-MWPTD-2026-051,Conduct of Capacity Enhancement Training for DMW Inspectors,Goods,15,Small Value Procurement,NO,March 2026,April 2026,May 2026,GAA 2026 - Current Appropriation,false,,,,,,,REPRESENTATION EXPENSES,,TRAINING AND ACTIVITIES,"Meals and Snacks
                        AM Snacks, PM Snacks with flowing coffee and free use of venue 
                        for 1 day",,PAPs,,,,,
302,2,2026,pending,[INDICATIVE],5000.00,1,,Tue Mar 17 2026 15:30:38 GMT+0800 (Philippine Standard Time),Tue Mar 17 2026 15:30:38 GMT+0800 (Philippine Standard Time),,PPMP-MWPTD-2026-052,Conduct of Capacity Enhancement Training for DMW Inspectors,Goods,5,Small Value Procurement,NO,March 2026,April 2026,May 2026,GAA 2026 - Current Appropriation,false,,,,,,,OTHER SUPPLIES AND MATERIALS,,TRAINING AND ACTIVITIES,"Token
                        Tumbler",,PAPs,,,,,
303,2,2026,pending,[INDICATIVE],5000.00,1,,Tue Mar 17 2026 15:31:49 GMT+0800 (Philippine Standard Time),Tue Mar 17 2026 15:31:49 GMT+0800 (Philippine Standard Time),,PPMP-MWPTD-2026-053,Conduct of Capacity Enhancement Training for DMW Inspectors,Goods,250,Small Value Procurement,NO,March 2026,April 2026,May 2026,GAA 2026 - Current Appropriation,false,,,,,,,"PRINTING, PUBLICATION AND BINDING EXPENSES",,TRAINING AND ACTIVITIES,"Tarpaulin Printing
                         Thickness: 15oz",,PAPs,,,,,
304,2,2026,pending,[INDICATIVE],300000.00,1,,Tue Mar 17 2026 15:32:50 GMT+0800 (Philippine Standard Time),Tue Mar 17 2026 15:32:50 GMT+0800 (Philippine Standard Time),,PPMP-MWPTD-2026-054,MOA Facilitation with LGU and MOA Signing,Goods,300,Small Value Procurement,NO,January 2026,February 2026,March 2026,GAA 2026 - Current Appropriation,false,,,,,,,REPRESENTATION EXPENSES,,TRAINING AND ACTIVITIES,"Meals and Snacks
                         AM Snacks, PM Snacks with flowing coffee and free use of
                         venue for 1 day",,PAPs,,,,,
305,2,2026,pending,[INDICATIVE],5000.00,1,,Tue Mar 17 2026 15:33:42 GMT+0800 (Philippine Standard Time),Tue Mar 17 2026 15:33:42 GMT+0800 (Philippine Standard Time),,PPMP-MWPTD-2026-055,MOA Facilitation with LGU and MOA Signing,Goods,250,Small Value Procurement,NO,January 2026,February 2026,March 2026,GAA 2026 - Current Appropriation,false,,,,,,,"PRINTING, PUBLICATION AND BINDING EXPENSES",,TRAINING AND ACTIVITIES,"Tarpaulin Printing
                        Thickness: 15oz",,PAPs,,,,,
335,4,2026,approved,[INDICATIVE],280000.00,3,3,Wed Mar 25 2026 10:09:03 GMT+0800 (Philippine Standard Time),Wed Apr 08 2026 16:26:19 GMT+0800 (Philippine Standard Time),Wed Apr 08 2026 16:26:19 GMT+0800 (Philippine Standard Time),PPMP-WRSD-2026-008,PRE-MIGRATION ORIENTATION SEMINAR AND FINANCIAL PLANNING - TRAINING OF TRAINERS,Goods,100,Competitive Bidding,NO,January 2026,February 2026,April 2026,GAA 2026 - Current Appropriation,false,,,3,3,Wed Apr 08 2026 16:26:19 GMT+0800 (Philippine Standard Time),Wed Apr 08 2026 16:26:19 GMT+0800 (Philippine Standard Time),REPRESENTATION EXPENSES,709,TRAINING AND ACTIVITIES,"MEALS: AM Snacks, Lunch, PM Snacks with Free Use of Venue",,PAPs,3,Wed Apr 08 2026 16:26:19 GMT+0800 (Philippine Standard Time),,,
338,4,2026,pending,[INDICATIVE],2000.00,3,,Wed Mar 25 2026 10:38:38 GMT+0800 (Philippine Standard Time),Wed Mar 25 2026 10:38:38 GMT+0800 (Philippine Standard Time),,PPMP-WRSD-2026-011,MENTAL HEALTH AWARENESS AND STRESS MANAGEMENT SEMINAR,Goods,2,Small Value Procurement,NO,January 2026,January 2026,October 2026,GAA 2026 - Current Appropriation,false,,,,,,,REPRESENTATION EXPENSES,,TRAINING AND ACTIVITIES,PERSONALIZED TOKENS: Customized souvenir items provided to speakers and guests for activities,,PAPs,,,,,
339,4,2026,pending,[INDICATIVE],81000.00,3,,Wed Mar 25 2026 10:50:45 GMT+0800 (Philippine Standard Time),Wed Mar 25 2026 10:50:45 GMT+0800 (Philippine Standard Time),,PPMP-WRSD-2026-012,BYAHENG ENTREPRENEUR,Goods,90,Small Value Procurement,NO,January 2026,February 2026,July 2026,GAA 2026 - Current Appropriation,false,,,,,,,REPRESENTATION EXPENSES,,TRAINING AND ACTIVITIES,"MEALS: AM Snacks, Lunch, PM Snacks with Free Use of Venue",,PAPs,,,,,
340,4,2026,pending,[INDICATIVE],3600.00,3,,Wed Mar 25 2026 10:50:45 GMT+0800 (Philippine Standard Time),Wed Mar 25 2026 10:50:45 GMT+0800 (Philippine Standard Time),,PPMP-WRSD-2026-013,BYAHENG ENTREPRENEUR,Goods,6,Small Value Procurement,NO,January 2026,February 2026,July 2026,GAA 2026 - Current Appropriation,false,,,,,,,REPRESENTATION EXPENSES,,TRAINING AND ACTIVITIES,TARPAULIN PRINTING: Size:5x8,,PAPs,,,,,
341,4,2026,pending,[INDICATIVE],8100.00,3,,Wed Mar 25 2026 10:50:45 GMT+0800 (Philippine Standard Time),Wed Mar 25 2026 10:50:45 GMT+0800 (Philippine Standard Time),,PPMP-WRSD-2026-014,BYAHENG ENTREPRENEUR,Goods,90,Small Value Procurement,NO,January 2026,February 2026,July 2026,GAA 2026 - Current Appropriation,false,,,,,,,REPRESENTATION EXPENSES,,TRAINING AND ACTIVITIES,SUPPLIES AND MATERIALS: Supplies for the conduct of sessions,,PAPs,,,,,
342,4,2026,pending,[INDICATIVE],4000.00,3,,Wed Mar 25 2026 10:50:45 GMT+0800 (Philippine Standard Time),Tue Mar 31 2026 09:22:36 GMT+0800 (Philippine Standard Time),,PPMP-WRSD-2026-015,BYAHENG ENTREPRENEUR,Goods,4,Small Value Procurement,NO,January 2026,February 2026,July 2026,GAA 2026 - Current Appropriation,false,,,,,,,REPRESENTATION EXPENSES,,TRAINING AND ACTIVITIES,PERSONALIZED TOKENS: Customized souvenir items provided to speakers and guests for activities,,PAPs,,,,,
343,4,2026,pending,[INDICATIVE],4000.00,3,,Wed Mar 25 2026 11:02:59 GMT+0800 (Philippine Standard Time),Wed Mar 25 2026 11:02:59 GMT+0800 (Philippine Standard Time),,PPMP-WRSD-2026-016,BYAHENG ENTREPRENEUR,Consulting Services,4,Small Value Procurement,NO,January 2026,January 2026,July 2026,GAA 2026 - Current Appropriation,false,,,,,,,REPRESENTATION EXPENSES,,TRAINING AND ACTIVITIES,"HONORARIUM: Provided to resource persons, speakers, facilitators, trainers, moderators, evaluators, or technical experts invited for the conducted activities",,PAPs,,,,,
344,4,2026,pending,[INDICATIVE],27000.00,3,,Wed Mar 25 2026 11:02:59 GMT+0800 (Philippine Standard Time),Wed Mar 25 2026 11:02:59 GMT+0800 (Philippine Standard Time),,PPMP-WRSD-2026-017,BYAHENG ENTREPRENEUR,Consulting Services,6,Small Value Procurement,NO,January 2026,January 2026,July 2026,GAA 2026 - Current Appropriation,false,,,,,,,REPRESENTATION EXPENSES,,TRAINING AND ACTIVITIES,"TRANSPORTATION RENTRAL: Hiring of vehicles from accredited or duly registered service providers for the official transport of personnel, participants, equipment, and supplies in connection with activities. This may include the rental of vans, minibuses, or buses and may cover fuel and basic vehicle insurance as stipulated in the rental agreement.",,PAPs,,,,,
353,4,2026,pending,[INDICATIVE],113625.00,3,,Fri Mar 27 2026 09:48:44 GMT+0800 (Philippine Standard Time),Fri Mar 27 2026 09:48:44 GMT+0800 (Philippine Standard Time),,PPMP-WRSD-2026-026,FINANCIAL AWARENESS SEMINAR AND SMALL BUSINESS MANAGEMENT TRAINING,Goods,303,Small Value Procurement,NO,January 2026,February 2026,October 2026,GAA 2026 - Current Appropriation,false,,,,,,,REPRESENTATION EXPENSES,,TRAINING AND ACTIVITIES,"MEALS: AM Snacks, Lunch, PM Snacks with Free Use of Venue",,PAPs,,,,,
354,4,2026,pending,[INDICATIVE],600.00,3,,Fri Mar 27 2026 09:50:41 GMT+0800 (Philippine Standard Time),Fri Mar 27 2026 09:50:41 GMT+0800 (Philippine Standard Time),,PPMP-WRSD-2026-027,FINANCIAL AWARENESS SEMINAR AND SMALL BUSINESS MANAGEMENT TRAINING,Goods,1,Small Value Procurement,NO,January 2026,January 2026,October 2026,GAA 2026 - Current Appropriation,false,,,,,,,REPRESENTATION EXPENSES,,TRAINING AND ACTIVITIES,TARPAULIN PRINTING: Size:5x8,,PAPs,,,,,
355,4,2026,pending,[INDICATIVE],10605.00,3,,Fri Mar 27 2026 09:50:41 GMT+0800 (Philippine Standard Time),Fri Mar 27 2026 09:50:41 GMT+0800 (Philippine Standard Time),,PPMP-WRSD-2026-028,FINANCIAL AWARENESS SEMINAR AND SMALL BUSINESS MANAGEMENT TRAINING,Goods,303,Small Value Procurement,NO,January 2026,January 2026,October 2026,GAA 2026 - Current Appropriation,false,,,,,,,REPRESENTATION EXPENSES,,TRAINING AND ACTIVITIES,SUPPLIES AND MATERIALS: Supplies for the conduct of sessions,,PAPs,,,,,
356,4,2026,pending,[INDICATIVE],11000.00,3,,Fri Mar 27 2026 09:50:41 GMT+0800 (Philippine Standard Time),Fri Mar 27 2026 09:50:41 GMT+0800 (Philippine Standard Time),,PPMP-WRSD-2026-029,FINANCIAL AWARENESS SEMINAR AND SMALL BUSINESS MANAGEMENT TRAINING,Goods,11,Small Value Procurement,NO,January 2026,January 2026,October 2026,GAA 2026 - Current Appropriation,false,,,,,,,REPRESENTATION EXPENSES,,TRAINING AND ACTIVITIES,PERSONALIZED TOKENS: Customized souvenir items provided to speakers and guests for activities,,PAPs,,,,,
357,4,2026,pending,[INDICATIVE],67500.00,3,,Fri Mar 27 2026 09:52:19 GMT+0800 (Philippine Standard Time),Fri Mar 27 2026 09:52:19 GMT+0800 (Philippine Standard Time),,PPMP-WRSD-2026-030,"BUSINESS MENTORING, TECHNICAL AND FINANCIAL SUPPORT",Goods,135,Small Value Procurement,NO,January 2026,February 2026,September 2026,GAA 2026 - Current Appropriation,false,,,,,,,REPRESENTATION EXPENSES,,TRAINING AND ACTIVITIES,"MEALS: AM Snacks, Lunch, PM Snacks with Free Use of Venue",,PAPs,,,,,
358,4,2026,pending,[INDICATIVE],600.00,3,,Fri Mar 27 2026 09:53:46 GMT+0800 (Philippine Standard Time),Fri Mar 27 2026 09:53:46 GMT+0800 (Philippine Standard Time),,PPMP-WRSD-2026-031,"BUSINESS MENTORING, TECHNICAL AND FINANCIAL SUPPORT",Goods,1,Small Value Procurement,NO,January 2026,January 2026,September 2026,GAA 2026 - Current Appropriation,false,,,,,,,REPRESENTATION EXPENSES,,TRAINING AND ACTIVITIES,TARPAULIN PRINTING: Size:5x8,,PAPs,,,,,
359,4,2026,pending,[INDICATIVE],6750.00,3,,Fri Mar 27 2026 09:53:46 GMT+0800 (Philippine Standard Time),Fri Mar 27 2026 09:53:46 GMT+0800 (Philippine Standard Time),,PPMP-WRSD-2026-032,"BUSINESS MENTORING, TECHNICAL AND FINANCIAL SUPPORT",Goods,135,Small Value Procurement,NO,January 2026,January 2026,September 2026,GAA 2026 - Current Appropriation,false,,,,,,,REPRESENTATION EXPENSES,,TRAINING AND ACTIVITIES,SUPPLIES AND MATERIALS: Supplies for the conduct of sessions,,PAPs,,,,,
360,4,2026,pending,[INDICATIVE],6000.00,3,,Fri Mar 27 2026 09:53:46 GMT+0800 (Philippine Standard Time),Fri Mar 27 2026 09:53:46 GMT+0800 (Philippine Standard Time),,PPMP-WRSD-2026-033,"BUSINESS MENTORING, TECHNICAL AND FINANCIAL SUPPORT",Goods,6,Small Value Procurement,NO,January 2026,January 2026,September 2026,GAA 2026 - Current Appropriation,false,,,,,,,REPRESENTATION EXPENSES,,TRAINING AND ACTIVITIES,PERSONALIZED TOKENS: Customized souvenir items provided to speakers and guests for activities,,PAPs,,,,,
361,4,2026,pending,[INDICATIVE],162000.00,3,,Fri Mar 27 2026 09:54:47 GMT+0800 (Philippine Standard Time),Fri Mar 27 2026 09:54:47 GMT+0800 (Philippine Standard Time),,PPMP-WRSD-2026-034,REINTEGRATION EDUCATION SEMINAR,Goods,180,Small Value Procurement,NO,January 2026,February 2026,August 2026,GAA 2026 - Current Appropriation,false,,,,,,,REPRESENTATION EXPENSES,,TRAINING AND ACTIVITIES,"MEALS: AM Snacks, Lunch, PM Snacks with Free Use of Venue",,PAPs,,,,,
362,4,2026,pending,[INDICATIVE],1080.00,3,,Fri Mar 27 2026 09:56:32 GMT+0800 (Philippine Standard Time),Fri Mar 27 2026 09:56:32 GMT+0800 (Philippine Standard Time),,PPMP-WRSD-2026-035,REINTEGRATION EDUCATION SEMINAR,Goods,1,Small Value Procurement,NO,January 2026,January 2026,August 2026,GAA 2026 - Current Appropriation,false,,,,,,,REPRESENTATION EXPENSES,,TRAINING AND ACTIVITIES,TARPAULIN PRINTING: Size:8x9,,PAPs,,,,,
363,4,2026,pending,[INDICATIVE],8640.00,3,,Fri Mar 27 2026 09:56:32 GMT+0800 (Philippine Standard Time),Fri Mar 27 2026 09:56:32 GMT+0800 (Philippine Standard Time),,PPMP-WRSD-2026-036,REINTEGRATION EDUCATION SEMINAR,Goods,180,Small Value Procurement,NO,January 2026,January 2026,August 2026,GAA 2026 - Current Appropriation,false,,,,,,,REPRESENTATION EXPENSES,,TRAINING AND ACTIVITIES,SUPPLIES AND MATERIALS: Supplies for the conduct of sessions,,PAPs,,,,,
364,4,2026,pending,[INDICATIVE],20000.00,3,,Fri Mar 27 2026 09:56:32 GMT+0800 (Philippine Standard Time),Fri Mar 27 2026 09:56:32 GMT+0800 (Philippine Standard Time),,PPMP-WRSD-2026-037,REINTEGRATION EDUCATION SEMINAR,Goods,20,Small Value Procurement,NO,January 2026,January 2026,August 2026,GAA 2026 - Current Appropriation,false,,,,,,,REPRESENTATION EXPENSES,,TRAINING AND ACTIVITIES,PERSONALIZED TOKENS: Customized souvenir items provided to speakers and guests for activities,,PAPs,,,,,
365,4,2026,pending,[INDICATIVE],600000.00,3,,Fri Mar 27 2026 10:45:04 GMT+0800 (Philippine Standard Time),Tue Mar 31 2026 15:47:40 GMT+0800 (Philippine Standard Time),,PPMP-WRSD-2026-038,Capability Building Program for Children of OFWs,Goods,4000,Competitive Bidding,NO,January 2026,February 2026,July 2026,GAA 2026 - Current Appropriation,false,,,,,,,REPRESENTATION EXPENSES,,TRAINING AND ACTIVITIES,MEALS: PM Snacks for sessions,,PAPs,,,,,
366,4,2026,pending,[INDICATIVE],492000.00,3,,Fri Mar 27 2026 10:46:59 GMT+0800 (Philippine Standard Time),Fri Mar 27 2026 10:46:59 GMT+0800 (Philippine Standard Time),,PPMP-WRSD-2026-039,Capability Building Program for Children of OFWs,Goods,328,Competitive Bidding,NO,January 2026,January 2026,July 2026,GAA 2026 - Current Appropriation,false,,,,,,,REPRESENTATION EXPENSES,,TRAINING AND ACTIVITIES,TRAINING MATERIALS: Supplies for the conduct of sessions,,PAPs,,,,,
367,4,2026,pending,[INDICATIVE],240000.00,3,,Fri Mar 27 2026 10:46:59 GMT+0800 (Philippine Standard Time),Fri Mar 27 2026 10:46:59 GMT+0800 (Philippine Standard Time),,PPMP-WRSD-2026-040,Capability Building Program for Children of OFWs,Goods,400,Competitive Bidding,NO,January 2026,January 2026,July 2026,GAA 2026 - Current Appropriation,false,,,,,,,REPRESENTATION EXPENSES,,TRAINING AND ACTIVITIES,"PRINTED POLO/TSHIRT: cotton, polyester, or cotton-polyester blend, designed for comfort during office work and field activities. It features a buttoned placket, ribbed collar and cuffs, and is customized through silk-screen printing, heat transfer, or embroidery to display official logos, program titles, or agency identification",,PAPs,,,,,
368,4,2026,pending,[INDICATIVE],2400.00,3,,Fri Mar 27 2026 10:51:12 GMT+0800 (Philippine Standard Time),Fri Mar 27 2026 10:51:12 GMT+0800 (Philippine Standard Time),,PPMP-WRSD-2026-041,Capability Building Program for Children of OFWs,Goods,160,Small Value Procurement,NO,January 2026,January 2026,July 2026,GAA 2026 - Current Appropriation,false,,,,,,,REPRESENTATION EXPENSES,,TRAINING AND ACTIVITIES,TARPAULIN PRINTING: Size:5X8,,PAPs,,,,,
369,4,2026,pending,[INDICATIVE],20000.00,3,,Fri Mar 27 2026 10:51:12 GMT+0800 (Philippine Standard Time),Fri Mar 27 2026 10:51:12 GMT+0800 (Philippine Standard Time),,PPMP-WRSD-2026-042,Capability Building Program for Children of OFWs,Goods,20,Small Value Procurement,NO,January 2026,January 2026,July 2026,GAA 2026 - Current Appropriation,false,,,,,,,REPRESENTATION EXPENSES,,TRAINING AND ACTIVITIES,PERSONALIZED TOKENS: Customized souvenir items provided to speakers and guests for activities,,PAPs,,,,,
370,4,2026,pending,[INDICATIVE],67500.00,3,,Fri Mar 27 2026 10:54:56 GMT+0800 (Philippine Standard Time),Fri Mar 27 2026 10:54:56 GMT+0800 (Philippine Standard Time),,PPMP-WRSD-2026-043,FINANCIAL LITERACY,Goods,135,Small Value Procurement,NO,January 2026,February 2026,August 2026,GAA 2026 - Current Appropriation,false,,,,,,,REPRESENTATION EXPENSES,,TRAINING AND ACTIVITIES,"MEALS: AM Snacks, Lunch, PM Snacks with Free Use of Venue",,PAPs,,,,,
371,4,2026,pending,[INDICATIVE],600.00,3,,Fri Mar 27 2026 10:57:19 GMT+0800 (Philippine Standard Time),Fri Mar 27 2026 10:57:19 GMT+0800 (Philippine Standard Time),,PPMP-WRSD-2026-044,FINANCIAL LITERACY,Goods,40,Small Value Procurement,NO,January 2026,January 2026,August 2026,GAA 2026 - Current Appropriation,false,,,,,,,REPRESENTATION EXPENSES,,TRAINING AND ACTIVITIES,TARPAULIN PRINTING: Size:5x8,,PAPs,,,,,
372,4,2026,pending,[INDICATIVE],7425.00,3,,Fri Mar 27 2026 10:57:19 GMT+0800 (Philippine Standard Time),Fri Mar 27 2026 10:57:19 GMT+0800 (Philippine Standard Time),,PPMP-WRSD-2026-045,FINANCIAL LITERACY,Goods,135,Small Value Procurement,NO,January 2026,January 2026,August 2026,GAA 2026 - Current Appropriation,false,,,,,,,REPRESENTATION EXPENSES,,TRAINING AND ACTIVITIES,SUPPLIES AND MATERIALS: Supplies for the conduct of sessions,,PAPs,,,,,
373,4,2026,pending,[INDICATIVE],6000.00,3,,Fri Mar 27 2026 10:57:19 GMT+0800 (Philippine Standard Time),Fri Mar 27 2026 10:57:19 GMT+0800 (Philippine Standard Time),,PPMP-WRSD-2026-046,FINANCIAL LITERACY,Goods,6,Small Value Procurement,NO,January 2026,January 2026,August 2026,GAA 2026 - Current Appropriation,false,,,,,,,REPRESENTATION EXPENSES,,TRAINING AND ACTIVITIES,PERSONALIZED TOKENS: Customized souvenir items provided to speakers and guests for activities,,PAPs,,,,,
374,4,2026,pending,[INDICATIVE],50000.00,3,,Fri Mar 27 2026 10:59:02 GMT+0800 (Philippine Standard Time),Tue Mar 31 2026 09:25:09 GMT+0800 (Philippine Standard Time),,PPMP-WRSD-2026-047,"TRAINING ON LIVELIHOOD, SKILLS, TECHNICAL AND PROFESSIONAL DEVELOPMENT OF OFWs",Goods,100,Small Value Procurement,NO,January 2026,February 2026,June 2026,GAA 2026 - Current Appropriation,false,,,,,,,REPRESENTATION EXPENSES,,TRAINING AND ACTIVITIES,"MEALS: AM Snacks, Lunch, PM Snacks with Free Use of Venue",,PAPs,,,,,
375,4,2026,pending,[INDICATIVE],1200.00,3,,Fri Mar 27 2026 11:04:25 GMT+0800 (Philippine Standard Time),Fri Mar 27 2026 11:04:25 GMT+0800 (Philippine Standard Time),,PPMP-WRSD-2026-048,"TRAINING ON LIVELIHOOD, SKILLS, TECHNICAL AND PROFESSIONAL DEVELOPMENT OF OFWs",Goods,80,Small Value Procurement,NO,January 2026,January 2026,June 2026,GAA 2026 - Current Appropriation,false,,,,,,,REPRESENTATION EXPENSES,,TRAINING AND ACTIVITIES,TARPAULIN PRINTING: Size:5x8,,PAPs,,,,,
376,4,2026,pending,[INDICATIVE],40000.00,3,,Fri Mar 27 2026 11:04:25 GMT+0800 (Philippine Standard Time),Fri Mar 27 2026 11:04:25 GMT+0800 (Philippine Standard Time),,PPMP-WRSD-2026-049,"TRAINING ON LIVELIHOOD, SKILLS, TECHNICAL AND PROFESSIONAL DEVELOPMENT OF OFWs",Goods,100,Small Value Procurement,NO,January 2026,January 2026,June 2026,GAA 2026 - Current Appropriation,false,,,,,,,REPRESENTATION EXPENSES,,TRAINING AND ACTIVITIES,SUPPLIES AND MATERIALS: Supplies for the conduct of sessions,,PAPs,,,,,
377,4,2026,pending,[INDICATIVE],46920.00,3,,Fri Mar 27 2026 11:21:33 GMT+0800 (Philippine Standard Time),Fri Mar 27 2026 11:21:33 GMT+0800 (Philippine Standard Time),,PPMP-WRSD-2026-050,"TRAINING ON LIVELIHOOD, SKILLS, TECHNICAL AND PROFESSIONAL DEVELOPMENT OF OFWs",Goods,46,Small Value Procurement,NO,January 2026,January 2026,June 2026,GAA 2026 - Current Appropriation,false,,,,,,,REPRESENTATION EXPENSES,,TRAINING AND ACTIVITIES,"HONORARIUM: Provided to resource persons, speakers, facilitators, trainers, moderators, evaluators, or technical experts invited for the conducted activities",,PAPs,,,,,
378,4,2026,pending,[INDICATIVE],13750.00,3,,Fri Mar 27 2026 11:28:11 GMT+0800 (Philippine Standard Time),Fri Mar 27 2026 11:28:11 GMT+0800 (Philippine Standard Time),,PPMP-WRSD-2026-051,INK REFILL,Goods,20,Small Value Procurement,NO,January 2026,February 2026,March 2026,GAA 2026 - Current Appropriation,false,,,,,,,ICT OFFICE SUPPLIES EXPENSES,,OFFICE OPERATION,"INK REFILL - Color: Black; Unit: Bottle,            65ml; Good for EPSON L3250 Printer",,NON PS-DBM,,,,,
379,4,2026,pending,[INDICATIVE],13750.00,3,,Fri Mar 27 2026 11:28:11 GMT+0800 (Philippine Standard Time),Fri Mar 27 2026 11:28:11 GMT+0800 (Philippine Standard Time),,PPMP-WRSD-2026-052,INK REFILL,Goods,20,Small Value Procurement,NO,January 2026,February 2026,March 2026,GAA 2026 - Current Appropriation,false,,,,,,,ICT OFFICE SUPPLIES EXPENSES,,OFFICE OPERATION,"INK REFILL - Color: Cyan; Unit: Bottle,            65ml; Good for EPSON L3250 Printer",,NON PS-DBM,,,,,
380,4,2026,pending,[INDICATIVE],13750.00,3,,Fri Mar 27 2026 11:28:11 GMT+0800 (Philippine Standard Time),Tue Mar 31 2026 09:41:02 GMT+0800 (Philippine Standard Time),,PPMP-WRSD-2026-053,INK REFILL,Goods,20,Small Value Procurement,NO,January 2026,February 2026,March 2026,GAA 2026 - Current Appropriation,false,,,,,,,ICT OFFICE SUPPLIES EXPENSES,,OFFICE OPERATION,"INK REFILL - Color: Yellow; Unit: Bottle,            65ml; Good for EPSON L3250 Printer",,NON PS-DBM,,,,,
381,4,2026,pending,[INDICATIVE],13750.00,3,,Fri Mar 27 2026 11:28:11 GMT+0800 (Philippine Standard Time),Tue Mar 31 2026 09:41:32 GMT+0800 (Philippine Standard Time),,PPMP-WRSD-2026-054,INK REFILL,Goods,20,Small Value Procurement,NO,January 2026,February 2026,March 2026,GAA 2026 - Current Appropriation,false,,,,,,,ICT OFFICE SUPPLIES EXPENSES,,OFFICE OPERATION,"INK REFILL - Color: Magenta; Unit: Bottle,            65ml; Good for EPSON L3250 Printer",,NON PS-DBM,,,,,
382,4,2026,pending,[INDICATIVE],13750.00,3,,Fri Mar 27 2026 11:28:11 GMT+0800 (Philippine Standard Time),Fri Mar 27 2026 11:28:11 GMT+0800 (Philippine Standard Time),,PPMP-WRSD-2026-055,INK REFILL,Goods,20,Small Value Procurement,NO,January 2026,February 2026,March 2026,GAA 2026 - Current Appropriation,false,,,,,,,ICT OFFICE SUPPLIES EXPENSES,,OFFICE OPERATION,"INK REFILL - Color: Black; Unit: Bottle,            65ml; Good for EPSON L5290 Printer",,NON PS-DBM,,,,,
383,4,2026,pending,[INDICATIVE],13750.00,3,,Fri Mar 27 2026 11:28:11 GMT+0800 (Philippine Standard Time),Fri Mar 27 2026 11:28:11 GMT+0800 (Philippine Standard Time),,PPMP-WRSD-2026-056,INK REFILL,Goods,20,Small Value Procurement,NO,January 2026,February 2026,March 2026,GAA 2026 - Current Appropriation,false,,,,,,,ICT OFFICE SUPPLIES EXPENSES,,OFFICE OPERATION,"INK REFILL - Color: Cyan; Unit: Bottle,            65ml; Good for EPSON L5290 Printer",,NON PS-DBM,,,,,
384,4,2026,pending,[INDICATIVE],13750.00,3,,Fri Mar 27 2026 11:28:11 GMT+0800 (Philippine Standard Time),Tue Mar 31 2026 09:41:57 GMT+0800 (Philippine Standard Time),,PPMP-WRSD-2026-057,INK REFILL,Goods,20,Small Value Procurement,NO,January 2026,February 2026,March 2026,GAA 2026 - Current Appropriation,false,,,,,,,ICT OFFICE SUPPLIES EXPENSES,,OFFICE OPERATION,"INK REFILL - Color: Yellow; Unit: Bottle,            65ml; Good for EPSON L5290 Printer",,NON PS-DBM,,,,,
385,4,2026,pending,[INDICATIVE],19600.00,3,,Fri Mar 27 2026 11:33:45 GMT+0800 (Philippine Standard Time),Fri Mar 27 2026 11:33:45 GMT+0800 (Philippine Standard Time),,PPMP-WRSD-2026-058,PAPER,Goods,70,Small Value Procurement,NO,January 2026,February 2026,March 2026,GAA 2026 - Current Appropriation,false,,,,,,,OFFICE SUPPLIES EXPENSES,,OFFICE OPERATION,"PAPER - Type: Bondpaper; Size:A4, 80gsm; Unit: Ream",,NON PS-DBM,,,,,
386,4,2026,pending,[INDICATIVE],8400.00,3,,Fri Mar 27 2026 11:33:45 GMT+0800 (Philippine Standard Time),Fri Mar 27 2026 11:33:45 GMT+0800 (Philippine Standard Time),,PPMP-WRSD-2026-059,PAPER,Goods,30,Small Value Procurement,NO,January 2026,February 2026,March 2026,GAA 2026 - Current Appropriation,false,,,,,,,OFFICE SUPPLIES EXPENSES,,OFFICE OPERATION,"PAPER - Type: Bondpaper; Size:Legal, 80gsm; Unit: Ream",,NON PS-DBM,,,,,
387,4,2026,pending,[INDICATIVE],22000.00,3,,Fri Mar 27 2026 11:33:45 GMT+0800 (Philippine Standard Time),Fri Mar 27 2026 11:33:45 GMT+0800 (Philippine Standard Time),,PPMP-WRSD-2026-060,DATA FILE FOLDER,Goods,100,Small Value Procurement,NO,January 2026,February 2026,March 2026,GAA 2026 - Current Appropriation,false,,,,,,,OFFICE SUPPLIES EXPENSES,,OFFICE OPERATION,DATA FILE FOLDER - Made of durable paperboard or pressboard with a thickness of approximately 0.35 mm to 0.45 mm; Designed to accommodate legal-size documents measuring 8.5 x 14 inches (216 x 356 mm),,NON PS-DBM,,,,,
388,4,2026,pending,[INDICATIVE],2304.00,3,,Fri Mar 27 2026 11:33:45 GMT+0800 (Philippine Standard Time),Fri Mar 27 2026 11:33:45 GMT+0800 (Philippine Standard Time),,PPMP-WRSD-2026-061,BALLPEN,Goods,24,Small Value Procurement,NO,January 2026,February 2026,March 2026,GAA 2026 - Current Appropriation,false,,,,,,,OFFICE SUPPLIES EXPENSES,,OFFICE OPERATION,BALLPEN - Color: Black; Needle Point:0.07mm; 12pcs/box,,NON PS-DBM,,,,,
389,4,2026,pending,[INDICATIVE],2304.00,3,,Fri Mar 27 2026 11:33:45 GMT+0800 (Philippine Standard Time),Fri Mar 27 2026 11:33:45 GMT+0800 (Philippine Standard Time),,PPMP-WRSD-2026-062,BALLPEN,Goods,24,Small Value Procurement,NO,January 2026,February 2026,March 2026,GAA 2026 - Current Appropriation,false,,,,,,,OFFICE SUPPLIES EXPENSES,,OFFICE OPERATION,BALLPEN - Color: Blue; Needle Point:0.07mm; 12pcs/box,,NON PS-DBM,,,,,
390,4,2026,pending,[INDICATIVE],5280.00,3,,Fri Mar 27 2026 11:33:45 GMT+0800 (Philippine Standard Time),Fri Mar 27 2026 11:33:45 GMT+0800 (Philippine Standard Time),,PPMP-WRSD-2026-063,SIGN PEN,Goods,120,Small Value Procurement,NO,January 2026,February 2026,March 2026,GAA 2026 - Current Appropriation,false,,,,,,,OFFICE SUPPLIES EXPENSES,,OFFICE OPERATION,SIGN PEN - Color: Black; Needle Point:0.05mm; 12pcs/box,,NON PS-DBM,,,,,
391,4,2026,pending,[INDICATIVE],5280.00,3,,Fri Mar 27 2026 11:33:45 GMT+0800 (Philippine Standard Time),Fri Mar 27 2026 11:33:45 GMT+0800 (Philippine Standard Time),,PPMP-WRSD-2026-064,SIGN PEN,Goods,120,Small Value Procurement,NO,January 2026,February 2026,March 2026,GAA 2026 - Current Appropriation,false,,,,,,,OFFICE SUPPLIES EXPENSES,,OFFICE OPERATION,SIGN PEN - Color: Blue; Needle Point:0.05mm; 12pcs/box,,NON PS-DBM,,,,,
396,4,2026,pending,[INDICATIVE],2160.00,1,,Tue Mar 31 2026 09:09:22 GMT+0800 (Philippine Standard Time),Tue Mar 31 2026 09:09:22 GMT+0800 (Philippine Standard Time),,PPMP-WRSD-2026-065,PRE-MIGRATION ORIENTATION SEMINAR AND FINANCIAL PLANNING - TRAINING OF TRAINERS,Goods,144,Small Value Procurement,NO,January 2026,January 2026,April 2026,GAA 2026 - Current Appropriation,false,,,,,,,REPRESENTATION EXPENSES,,TRAINING AND ACTIVITIES,TARPAULIN PRINTING: Size:8x9,,PAPs,,,,,
397,4,2026,pending,[INDICATIVE],125000.00,1,,Tue Mar 31 2026 09:11:44 GMT+0800 (Philippine Standard Time),Tue Mar 31 2026 09:11:44 GMT+0800 (Philippine Standard Time),,PPMP-WRSD-2026-066,PRE-MIGRATION ORIENTATION SEMINAR AND FINANCIAL PLANNING - TRAINING OF TRAINERS,Goods,100,Small Value Procurement,NO,January 2026,January 2026,April 2026,GAA 2026 - Current Appropriation,false,,,,,,,REPRESENTATION EXPENSES,,TRAINING AND ACTIVITIES,TRAINING KIT/MATERIALS: Supplies/freebies for the conduct of sessions,,PAPs,,,,,
398,4,2026,pending,[INDICATIVE],30000.00,1,,Tue Mar 31 2026 09:13:24 GMT+0800 (Philippine Standard Time),Tue Mar 31 2026 09:13:24 GMT+0800 (Philippine Standard Time),,PPMP-WRSD-2026-067,PRE-MIGRATION ORIENTATION SEMINAR AND FINANCIAL PLANNING - TRAINING OF TRAINERS,Goods,30,Small Value Procurement,NO,January 2026,January 2026,April 2026,GAA 2026 - Current Appropriation,false,,,,,,,REPRESENTATION EXPENSES,,TRAINING AND ACTIVITIES,PERSONALIZED TOKENS: Customized souvenir items provided to speakers and guests for activities,,PAPs,,,,,
399,4,2026,pending,[INDICATIVE],259200.00,1,,Tue Mar 31 2026 09:15:54 GMT+0800 (Philippine Standard Time),Tue Mar 31 2026 09:15:54 GMT+0800 (Philippine Standard Time),,PPMP-WRSD-2026-068,MENTAL HEALTH AWARENESS AND STRESS MANAGEMENT SEMINAR,Goods,288,Competitive Bidding,NO,January 2026,February 2026,October 2026,GAA 2026 - Current Appropriation,false,,,,,,,REPRESENTATION EXPENSES,,TRAINING AND ACTIVITIES,"MEALS: AM Snacks, Lunch, PM Snacks with Free Use of Venue",,PAPs,,,,,
400,4,2026,pending,[INDICATIVE],1080.00,1,,Tue Mar 31 2026 09:17:59 GMT+0800 (Philippine Standard Time),Tue Mar 31 2026 09:17:59 GMT+0800 (Philippine Standard Time),,PPMP-WRSD-2026-069,MENTAL HEALTH AWARENESS AND STRESS MANAGEMENT SEMINAR,Goods,72,Small Value Procurement,NO,January 2026,January 2026,October 2026,GAA 2026 - Current Appropriation,false,,,,,,,REPRESENTATION EXPENSES,,TRAINING AND ACTIVITIES,TARPAULIN PRINTING: Size:8x9,,PAPs,,,,,
401,4,2026,pending,[INDICATIVE],9000.00,1,,Tue Mar 31 2026 09:19:35 GMT+0800 (Philippine Standard Time),Tue Mar 31 2026 09:19:35 GMT+0800 (Philippine Standard Time),,PPMP-WRSD-2026-070,MENTAL HEALTH AWARENESS AND STRESS MANAGEMENT SEMINAR,Goods,100,Small Value Procurement,NO,January 2026,January 2026,October 2026,GAA 2026 - Current Appropriation,false,,,,,,,REPRESENTATION EXPENSES,,TRAINING AND ACTIVITIES,SUPPLIES AND MATERIALS: Supplies for the conduct of sessions,,PAPs,,,,,
402,4,2026,pending,[INDICATIVE],13750.00,1,,Tue Mar 31 2026 09:37:18 GMT+0800 (Philippine Standard Time),Tue Mar 31 2026 09:37:18 GMT+0800 (Philippine Standard Time),,PPMP-WRSD-2026-071,INK REFILL,Goods,20,Small Value Procurement,NO,January 2026,February 2026,March 2026,GAA 2026 - Current Appropriation,false,,,,,,,ICT OFFICE SUPPLIES EXPENSES,,OFFICE OPERATION,"INK REFILL - Color: Magenta; Unit: Bottle,            65ml; Good for EPSON L5290 Printer",,NON PS-DBM,,,,,
403,4,2026,pending,[INDICATIVE],1056.00,1,,Tue Mar 31 2026 09:48:29 GMT+0800 (Philippine Standard Time),Tue Mar 31 2026 09:49:44 GMT+0800 (Philippine Standard Time),,PPMP-WRSD-2026-072,SIGN PEN,Goods,24,Small Value Procurement,NO,January 2026,February 2026,March 2026,GAA 2026 - Current Appropriation,false,,,,,,,OFFICE SUPPLIES EXPENSES,,OFFICE OPERATION,SIGN PEN - Color: Red; Needle Point:0.05mm; 12pcs/box,,NON PS-DBM,,,,,
404,4,2026,pending,,4000.00,1,,Tue Mar 31 2026 09:54:28 GMT+0800 (Philippine Standard Time),Tue Mar 31 2026 09:54:28 GMT+0800 (Philippine Standard Time),,PPMP-WRSD-2026-073,TAPE,Goods,100,Small Value Procurement,NO,January 2026,February 2026,March 2026,GAA 2026 - Current Appropriation,false,,,,,,,OFFICE SUPPLIES EXPENSES,,OFFICE OPERATION,"TAPE - TAPE: Transparent, 1inch",,NON PS-DBM,,,,,
405,4,2026,pending,[INDICATIVE],1272.00,1,,Tue Mar 31 2026 09:55:52 GMT+0800 (Philippine Standard Time),Tue Mar 31 2026 09:55:52 GMT+0800 (Philippine Standard Time),,PPMP-WRSD-2026-074,TAPE,Goods,24,Small Value Procurement,NO,January 2026,February 2026,March 2026,GAA 2026 - Current Appropriation,false,,,,,,,OFFICE SUPPLIES EXPENSES,,OFFICE OPERATION,"TAPE - TAPE: Packaging, Brown, 2inch",,NON PS-DBM,,,,,
406,4,2026,pending,[INDICATIVE],960.00,1,,Tue Mar 31 2026 10:04:05 GMT+0800 (Philippine Standard Time),Tue Mar 31 2026 10:04:05 GMT+0800 (Philippine Standard Time),,PPMP-WRSD-2026-075,TAPE,Goods,24,Small Value Procurement,NO,January 2026,February 2026,March 2026,GAA 2026 - Current Appropriation,false,,,,,,,OFFICE SUPPLIES EXPENSES,,OFFICE OPERATION,"TAPE - TAPE: Double Sided, 1inch",,NON PS-DBM,,,,,
407,4,2026,pending,[INDICATIVE],1650.00,1,,Tue Mar 31 2026 10:04:05 GMT+0800 (Philippine Standard Time),Tue Mar 31 2026 10:04:05 GMT+0800 (Philippine Standard Time),,PPMP-WRSD-2026-076,STAPLE WIRE,Goods,30,Small Value Procurement,NO,January 2026,February 2026,March 2026,GAA 2026 - Current Appropriation,false,,,,,,,OFFICE SUPPLIES EXPENSES,,OFFICE OPERATION,STAPLE WIRE - STAPLE WIRE; Standard (25/5) or No. 35 full strips staples; 5000 wires/box; 100 wires per strip,,NON PS-DBM,,,,,
408,4,2026,pending,[INDICATIVE],2750.00,1,,Tue Mar 31 2026 10:04:05 GMT+0800 (Philippine Standard Time),Tue Mar 31 2026 10:04:05 GMT+0800 (Philippine Standard Time),,PPMP-WRSD-2026-077,STAPLER,Goods,10,Small Value Procurement,NO,January 2026,February 2026,March 2026,GAA 2026 - Current Appropriation,false,,,,,,,OFFICE SUPPLIES EXPENSES,,OFFICE OPERATION,"STAPLER - STAPLER, standard type; load capacity:200 staples with staple remover",,NON PS-DBM,,,,,
409,4,2026,pending,[INDICATIVE],1650.00,1,,Tue Mar 31 2026 10:04:05 GMT+0800 (Philippine Standard Time),Tue Mar 31 2026 10:04:05 GMT+0800 (Philippine Standard Time),,PPMP-WRSD-2026-078,CORRECTION TAPE,Goods,30,Small Value Procurement,NO,January 2026,February 2026,March 2026,GAA 2026 - Current Appropriation,false,,,,,,,OFFICE SUPPLIES EXPENSES,,OFFICE OPERATION,"CORRECTION TAPE - CORRECTION TAPE, 5mm wide, 8mm long",,NON PS-DBM,,,,,
410,4,2026,pending,[INDICATIVE],1950.00,1,,Tue Mar 31 2026 10:04:05 GMT+0800 (Philippine Standard Time),Tue Mar 31 2026 10:04:05 GMT+0800 (Philippine Standard Time),,PPMP-WRSD-2026-079,STICKY NOTE,Goods,30,Small Value Procurement,NO,January 2026,February 2026,March 2026,GAA 2026 - Current Appropriation,false,,,,,,,OFFICE SUPPLIES EXPENSES,,OFFICE OPERATION,"STICKY NOTE - STICKY NOTE, 3 x 3 inches (76 x 76 mm), assorted colors",,NON PS-DBM,,,,,
411,4,2026,pending,[INDICATIVE],1950.00,1,,Tue Mar 31 2026 10:04:05 GMT+0800 (Philippine Standard Time),Tue Mar 31 2026 10:04:05 GMT+0800 (Philippine Standard Time),,PPMP-WRSD-2026-080,STICKY NOTE,Goods,30,Small Value Procurement,NO,January 2026,February 2026,March 2026,GAA 2026 - Current Appropriation,false,,,,,,,OFFICE SUPPLIES EXPENSES,,OFFICE OPERATION,"STICKY NOTE - STICKY NOTE, ""sign here"". 45mmx12mm size",,NON PS-DBM,,,,,
412,4,2026,pending,[INDICATIVE],1000.00,1,,Tue Mar 31 2026 10:04:05 GMT+0800 (Philippine Standard Time),Tue Mar 31 2026 10:04:05 GMT+0800 (Philippine Standard Time),,PPMP-WRSD-2026-081,RECORD BOOK,Goods,10,Small Value Procurement,NO,January 2026,February 2026,March 2026,GAA 2026 - Current Appropriation,false,,,,,,,OFFICE SUPPLIES EXPENSES,,OFFICE OPERATION,"RECORD BOOK - RECORD BOOK:300 pages, size 214mmx278mm",,NON PS-DBM,,,,,
413,4,2026,pending,[INDICATIVE],1000.00,1,,Tue Mar 31 2026 10:04:05 GMT+0800 (Philippine Standard Time),Tue Mar 31 2026 10:04:05 GMT+0800 (Philippine Standard Time),,PPMP-WRSD-2026-082,ENVELOP,Goods,2,Small Value Procurement,NO,January 2026,February 2026,March 2026,GAA 2026 - Current Appropriation,false,,,,,,,OFFICE SUPPLIES EXPENSES,,OFFICE OPERATION,"ENVELOP - ENVELOP: Mailing, Color: White, legal size",,NON PS-DBM,,,,,
414,4,2026,pending,[INDICATIVE],750.00,1,,Tue Mar 31 2026 10:04:05 GMT+0800 (Philippine Standard Time),Tue Mar 31 2026 10:04:05 GMT+0800 (Philippine Standard Time),,PPMP-WRSD-2026-083,ENVELOP,Goods,5,Small Value Procurement,NO,January 2026,February 2026,March 2026,GAA 2026 - Current Appropriation,false,,,,,,,OFFICE SUPPLIES EXPENSES,,OFFICE OPERATION,"ENVELOP - ENVELOP:  Kraft, Color: Brown, A4 size",,NON PS-DBM,,,,,
415,4,2026,pending,[INDICATIVE],1000.00,1,,Tue Mar 31 2026 10:04:05 GMT+0800 (Philippine Standard Time),Tue Mar 31 2026 10:04:05 GMT+0800 (Philippine Standard Time),,PPMP-WRSD-2026-084,CLIP,Goods,10,Small Value Procurement,NO,January 2026,February 2026,March 2026,GAA 2026 - Current Appropriation,false,,,,,,,OFFICE SUPPLIES EXPENSES,,OFFICE OPERATION,"CLIP - CLIP: backfold, 25mm, 12 pieces/box",,NON PS-DBM,,,,,
416,4,2026,pending,[INDICATIVE],1200.00,1,,Tue Mar 31 2026 10:04:05 GMT+0800 (Philippine Standard Time),Tue Mar 31 2026 10:04:05 GMT+0800 (Philippine Standard Time),,PPMP-WRSD-2026-085,CLIP,Goods,10,Small Value Procurement,NO,January 2026,February 2026,March 2026,GAA 2026 - Current Appropriation,false,,,,,,,OFFICE SUPPLIES EXPENSES,,OFFICE OPERATION,"CLIP - CLIP: backfold, 41mm, 12 pieces/box",,NON PS-DBM,,,,,
417,4,2026,pending,[INDICATIVE],200.00,1,,Tue Mar 31 2026 10:04:05 GMT+0800 (Philippine Standard Time),Tue Mar 31 2026 10:04:05 GMT+0800 (Philippine Standard Time),,PPMP-WRSD-2026-086,PAPER CLIP,Goods,10,Small Value Procurement,NO,January 2026,February 2026,March 2026,GAA 2026 - Current Appropriation,false,,,,,,,OFFICE SUPPLIES EXPENSES,,OFFICE OPERATION,"PAPER CLIP - PAPER CLIP: Vinyl/plastic coated, 33mm, 100pcs/box",,NON PS-DBM,,,,,
418,4,2026,pending,[INDICATIVE],575.00,1,,Tue Mar 31 2026 10:04:05 GMT+0800 (Philippine Standard Time),Tue Mar 31 2026 10:04:05 GMT+0800 (Philippine Standard Time),,PPMP-WRSD-2026-087,PENCIL,Goods,5,Small Value Procurement,NO,January 2026,February 2026,March 2026,GAA 2026 - Current Appropriation,false,,,,,,,OFFICE SUPPLIES EXPENSES,,OFFICE OPERATION,"PENCIL - PENCIL: Lead hardness/Grade No.2, color:glassy yellow, non-smudge eraser; material:wood, 12pcs/box",,NON PS-DBM,,,,,
419,4,2026,pending,[INDICATIVE],16000.00,1,,Tue Mar 31 2026 10:13:50 GMT+0800 (Philippine Standard Time),Tue Mar 31 2026 10:13:50 GMT+0800 (Philippine Standard Time),,PPMP-WRSD-2026-088,PAPER SHREDDER,Goods,1,Small Value Procurement,NO,January 2026,February 2026,March 2026,GAA 2026 - Current Appropriation,false,,,,,,,SEMI-OFFICE EQUIPMENT,,OFFICE OPERATION,"PAPER SHREDDER - PAPER SHREDDER: Heavy-duty shredder capable of shredding up to ~25 sheets of A4 paper per pass, cross-cut shredding for enhanced document security, and capable of shredding staples, paper clips, credit cards, and CDs",,NON PS-DBM,,,,,
420,4,2026,pending,[INDICATIVE],10000.00,1,,Tue Mar 31 2026 10:13:50 GMT+0800 (Philippine Standard Time),Tue Mar 31 2026 10:13:50 GMT+0800 (Philippine Standard Time),,PPMP-WRSD-2026-089,LAMINATING MACHINE,Goods,1,Small Value Procurement,NO,January 2026,February 2026,March 2026,GAA 2026 - Current Appropriation,false,,,,,,,SEMI-OFFICE EQUIPMENT,,OFFICE OPERATION,"LAMINATING MACHINE - LAMINATING MACHINE: A4 to A3 and may feature hot and/or cold lamination modes, adjustable temperature control, and reverse functions to correct misfeeds. Heavy-duty units with multiple rollers and wider feed capacity are suitable for offices with frequent lamination needs",,NON PS-DBM,,,,,
421,4,2026,pending,[INDICATIVE],16000.00,1,,Tue Mar 31 2026 10:13:50 GMT+0800 (Philippine Standard Time),Tue Mar 31 2026 10:13:50 GMT+0800 (Philippine Standard Time),,PPMP-WRSD-2026-090,BINDING MACHINE,Goods,1,Small Value Procurement,NO,January 2026,February 2026,March 2026,GAA 2026 - Current Appropriation,false,,,,,,,SEMI-OFFICE EQUIPMENT,,OFFICE OPERATION,"BINDING MACHINE - BINDING MACHINE: supports comb, wire, or plastic ring binding styles and accepts a specified number of sheets per punch. Common formats include 21-hole comb binding (for standard documents) and heavier duty machines capable of binding thicker reports",,NON PS-DBM,,,,,
422,4,2026,pending,[INDICATIVE],660.00,1,,Tue Mar 31 2026 10:13:50 GMT+0800 (Philippine Standard Time),Tue Mar 31 2026 10:13:50 GMT+0800 (Philippine Standard Time),,PPMP-WRSD-2026-091,PUNCHER,Goods,3,Small Value Procurement,NO,January 2026,February 2026,March 2026,GAA 2026 - Current Appropriation,false,,,,,,,SEMI-OFFICE EQUIPMENT,,OFFICE OPERATION,"PUNCHER - PUNCHER, heavy duty",,NON PS-DBM,,,,,
423,4,2026,pending,[INDICATIVE],25000.00,1,,Tue Mar 31 2026 10:18:19 GMT+0800 (Philippine Standard Time),Tue Mar 31 2026 10:18:19 GMT+0800 (Philippine Standard Time),,PPMP-WRSD-2026-092,LCD PROJECTOR,Goods,1,Small Value Procurement,NO,January 2026,February 2026,March 2026,GAA 2026 - Current Appropriation,false,,,,,,,SEMI-ICT EQUIPMENT,,OFFICE OPERATION,"LCD PROJECTOR - LCD PROJECTOR: Portable multimedia projector with HDMI/VGA input, suitable for presentations, trainings, and meetings, with brightness of at least 3,000 lumens.",,NON PS-DBM,,,,,
424,4,2026,pending,[INDICATIVE],10000.00,1,,Tue Mar 31 2026 10:18:19 GMT+0800 (Philippine Standard Time),Tue Mar 31 2026 10:18:19 GMT+0800 (Philippine Standard Time),,PPMP-WRSD-2026-093,PORTABLE SPEAKER WITH MICROPHONE,Goods,1,Small Value Procurement,NO,January 2026,February 2026,March 2026,GAA 2026 - Current Appropriation,false,,,,,,,SEMI-ICT EQUIPMENT,,OFFICE OPERATION,"PORTABLE SPEAKER WITH MICROPHONE - PORTABLE SPEAKER WITH MICROPHONE: Rechargeable amplified speaker with wired or wireless microphone input, Bluetooth/USB support, suitable for small events and trainings.",,NON PS-DBM,,,,,
425,4,2026,pending,[INDICATIVE],5000.00,1,,Tue Mar 31 2026 10:18:19 GMT+0800 (Philippine Standard Time),Tue Mar 31 2026 10:18:19 GMT+0800 (Philippine Standard Time),,PPMP-WRSD-2026-094,WIFI ROUTER/ACCESS POINT,Goods,1,Small Value Procurement,NO,January 2026,February 2026,March 2026,GAA 2026 - Current Appropriation,false,,,,,,,SEMI-ICT EQUIPMENT,,OFFICE OPERATION,"WIFI ROUTER/ACCESS POINT - WIFI ROUTER/ACCESS POINT: Network device that provides wireless internet connectivity within the office, with multiple LAN ports and dual-band capability.",,NON PS-DBM,,,,,
426,4,2026,pending,[INDICATIVE],30000.00,1,,Tue Mar 31 2026 10:20:43 GMT+0800 (Philippine Standard Time),Tue Mar 31 2026 10:20:43 GMT+0800 (Philippine Standard Time),,PPMP-WRSD-2026-095,FILING CABINET,Goods,2,Small Value Procurement,NO,January 2026,February 2026,March 2026,GAA 2026 - Current Appropriation,false,,,,,,,SEMI-FURNITURE & FIXTURES,,OFFICE OPERATION,"FILING CABINET - FILING CABINET: Vertical/Lateral, Metal or engineered wood filing cabinet with multiple drawers, each equipped with rails to organize folders. Lockable system for secure confidential document storage and sturdy build for frequent use.",,NON PS-DBM,,,,,
427,4,2026,pending,[INDICATIVE],15000.00,1,,Tue Mar 31 2026 10:35:55 GMT+0800 (Philippine Standard Time),Tue Mar 31 2026 10:35:55 GMT+0800 (Philippine Standard Time),,PPMP-WRSD-2026-096,ALCOHOL,Goods,100,Small Value Procurement,NO,January 2026,February 2026,March 2026,GAA 2026 - Current Appropriation,false,,,,,,,OTHER SUPPLIES AND MATERIALS,,OFFICE OPERATION,"ALCOHOL - ALCOHOL, Ethyl, 500ml",,NON PS-DBM,,,,,
428,4,2026,pending,[INDICATIVE],3600.00,1,,Tue Mar 31 2026 10:35:55 GMT+0800 (Philippine Standard Time),Tue Mar 31 2026 10:35:55 GMT+0800 (Philippine Standard Time),,PPMP-WRSD-2026-097,AIR FRESHENER,Goods,24,Small Value Procurement,NO,January 2026,February 2026,March 2026,GAA 2026 - Current Appropriation,false,,,,,,,OTHER SUPPLIES AND MATERIALS,,OFFICE OPERATION,"AIR FRESHENER - AIR FRESHENER, 280ml; Fragrance: Assorted",,NON PS-DBM,,,,,
429,4,2026,pending,[INDICATIVE],2500.00,1,,Tue Mar 31 2026 10:35:55 GMT+0800 (Philippine Standard Time),Tue Mar 31 2026 10:35:55 GMT+0800 (Philippine Standard Time),,PPMP-WRSD-2026-098,BATTERY,Goods,10,Small Value Procurement,NO,January 2026,February 2026,March 2026,GAA 2026 - Current Appropriation,false,,,,,,,OTHER SUPPLIES AND MATERIALS,,OFFICE OPERATION,"BATTERY - BATTERY: Dry Cell, Double A, 1.5 Volts, alkaline, 2pcs/pack",,NON PS-DBM,,,,,
430,4,2026,pending,[INDICATIVE],1500.00,1,,Tue Mar 31 2026 10:35:55 GMT+0800 (Philippine Standard Time),Tue Mar 31 2026 10:35:55 GMT+0800 (Philippine Standard Time),,PPMP-WRSD-2026-099,BATTERY,Goods,10,Small Value Procurement,NO,January 2026,February 2026,March 2026,GAA 2026 - Current Appropriation,false,,,,,,,OTHER SUPPLIES AND MATERIALS,,OFFICE OPERATION,"BATTERY - BATTERY: Dry Cell, Triple  A, 1.5 Volts, alkaline, 2pcs/pack",,NON PS-DBM,,,,,
431,4,2026,pending,[INDICATIVE],15000.00,1,,Tue Mar 31 2026 10:35:55 GMT+0800 (Philippine Standard Time),Tue Mar 31 2026 10:35:55 GMT+0800 (Philippine Standard Time),,PPMP-WRSD-2026-100,CERTIFICATE JACKET,Goods,100,Small Value Procurement,NO,January 2026,February 2026,March 2026,GAA 2026 - Current Appropriation,false,,,,,,,OTHER SUPPLIES AND MATERIALS,,OFFICE OPERATION,"CERTIFICATE JACKET - CERTIFICATE JACKET, Legal, plastic/transparent, A4 size",,NON PS-DBM,,,,,
432,4,2026,pending,[INDICATIVE],20000.00,1,,Tue Mar 31 2026 10:35:55 GMT+0800 (Philippine Standard Time),Tue Mar 31 2026 10:35:55 GMT+0800 (Philippine Standard Time),,PPMP-WRSD-2026-101,CERTIFICATE JACKET,Goods,100,Small Value Procurement,NO,January 2026,February 2026,March 2026,GAA 2026 - Current Appropriation,false,,,,,,,OTHER SUPPLIES AND MATERIALS,,OFFICE OPERATION,"CERTIFICATE JACKET - CERTIFICATE JACKET, Legal, plastic/transparent, Legal size",,NON PS-DBM,,,,,
433,4,2026,pending,[INDICATIVE],20000.00,1,,Tue Mar 31 2026 10:35:55 GMT+0800 (Philippine Standard Time),Tue Mar 31 2026 10:35:55 GMT+0800 (Philippine Standard Time),,PPMP-WRSD-2026-102,DISPOSABLE CUP,Goods,100,Small Value Procurement,NO,January 2026,February 2026,March 2026,GAA 2026 - Current Appropriation,false,,,,,,,OTHER SUPPLIES AND MATERIALS,,OFFICE OPERATION,"DISPOSABLE CUP - DISPOSABLE CUP, paper, 5 oz, 50's per pack",,NON PS-DBM,,,,,
434,4,2026,pending,[INDICATIVE],5000.00,1,,Tue Mar 31 2026 10:35:55 GMT+0800 (Philippine Standard Time),Tue Mar 31 2026 10:35:55 GMT+0800 (Philippine Standard Time),,PPMP-WRSD-2026-103,STIRRER STICK,Goods,50,Small Value Procurement,NO,January 2026,February 2026,March 2026,GAA 2026 - Current Appropriation,false,,,,,,,OTHER SUPPLIES AND MATERIALS,,OFFICE OPERATION,"STIRRER STICK - STIRRER STICK, 50's per pack",,NON PS-DBM,,,,,
435,4,2026,pending,[INDICATIVE],1000.00,1,,Tue Mar 31 2026 10:35:55 GMT+0800 (Philippine Standard Time),Tue Mar 31 2026 10:35:55 GMT+0800 (Philippine Standard Time),,PPMP-WRSD-2026-104,WALL CLOCK,Goods,1,Small Value Procurement,NO,January 2026,February 2026,March 2026,GAA 2026 - Current Appropriation,false,,,,,,,OTHER SUPPLIES AND MATERIALS,,OFFICE OPERATION,"WALL CLOCK - WALL CLOCK round or rectangular face with hour, minute, and second indicators (analog) or a digital display, powered by battery or electric source and often enclosed in a durable plastic, metal, or framed housing.",,NON PS-DBM,,,,,
436,4,2026,pending,[INDICATIVE],17000.00,1,,Tue Mar 31 2026 10:35:55 GMT+0800 (Philippine Standard Time),Tue Mar 31 2026 10:35:55 GMT+0800 (Philippine Standard Time),,PPMP-WRSD-2026-105,TISSUE,Goods,100,Small Value Procurement,NO,January 2026,February 2026,March 2026,GAA 2026 - Current Appropriation,false,,,,,,,OTHER SUPPLIES AND MATERIALS,,OFFICE OPERATION,"TISSUE - TISSUE: Facial Tissue, 2-ply,250 pulls,500 sheets,large box, soft and highly absorbent",,NON PS-DBM,,,,,
437,4,2026,pending,[INDICATIVE],6000.00,1,,Tue Mar 31 2026 10:35:55 GMT+0800 (Philippine Standard Time),Tue Mar 31 2026 10:35:55 GMT+0800 (Philippine Standard Time),,PPMP-WRSD-2026-106,TISSUE,Goods,200,Small Value Procurement,NO,January 2026,February 2026,March 2026,GAA 2026 - Current Appropriation,false,,,,,,,OTHER SUPPLIES AND MATERIALS,,OFFICE OPERATION,"TISSUE - TISSUE: Toilet Tissue Paper, 2-ply",,NON PS-DBM,,,,,
438,4,2026,pending,[INDICATIVE],60.00,1,,Tue Mar 31 2026 10:35:55 GMT+0800 (Philippine Standard Time),Tue Mar 31 2026 10:35:55 GMT+0800 (Philippine Standard Time),,PPMP-WRSD-2026-107,TOILET AND BOWL BRUSH WITH HOLDER,Goods,2,Small Value Procurement,NO,January 2026,February 2026,March 2026,GAA 2026 - Current Appropriation,false,,,,,,,OTHER SUPPLIES AND MATERIALS,,OFFICE OPERATION,"TOILET AND BOWL BRUSH WITH HOLDER - TOILET AND BOWL BRUSH WITH HOLDER, plastic or nylon bristles that resist water and cleaning chemicals.",,NON PS-DBM,,,,,
439,4,2026,pending,[INDICATIVE],400.00,1,,Tue Mar 31 2026 10:35:55 GMT+0800 (Philippine Standard Time),Tue Mar 31 2026 10:35:55 GMT+0800 (Philippine Standard Time),,PPMP-WRSD-2026-108,BROOM STICK,Goods,2,Small Value Procurement,NO,January 2026,February 2026,March 2026,GAA 2026 - Current Appropriation,false,,,,,,,OTHER SUPPLIES AND MATERIALS,,OFFICE OPERATION,BROOM STICK - BROOM STICK,,NON PS-DBM,,,,,
440,4,2026,pending,[INDICATIVE],2500.00,1,,Tue Mar 31 2026 10:35:55 GMT+0800 (Philippine Standard Time),Tue Mar 31 2026 10:35:55 GMT+0800 (Philippine Standard Time),,PPMP-WRSD-2026-109,TRASH BAG,Goods,5,Small Value Procurement,NO,January 2026,February 2026,March 2026,GAA 2026 - Current Appropriation,false,,,,,,,OTHER SUPPLIES AND MATERIALS,,OFFICE OPERATION,"TRASH BAG - TRASH BAG, small,100's/pack",,NON PS-DBM,,,,,
441,4,2026,pending,[INDICATIVE],3000.00,1,,Tue Mar 31 2026 10:35:55 GMT+0800 (Philippine Standard Time),Tue Mar 31 2026 10:35:55 GMT+0800 (Philippine Standard Time),,PPMP-WRSD-2026-110,TRASH BAG,Goods,5,Small Value Procurement,NO,January 2026,February 2026,March 2026,GAA 2026 - Current Appropriation,false,,,,,,,OTHER SUPPLIES AND MATERIALS,,OFFICE OPERATION,"TRASH BAG - TRASH BAG, large,100's/pack",,NON PS-DBM,,,,,